src,dst,kind,source,detail
RFC133,RFC114,updates,RFC133,rfc-index.xml
RFC141,RFC114,updates,RFC141,rfc-index.xml
RFC171,RFC114,updates,RFC171,rfc-index.xml
RFC172,RFC114,updates,RFC172,rfc-index.xml
RFC238,RFC171,updates,RFC238,rfc-index.xml
RFC238,RFC172,updates,RFC238,rfc-index.xml
RFC281,RFC265,updates,RFC281,rfc-index.xml
RFC294,RFC265,updates,RFC294,rfc-index.xml
RFC310,RFC265,updates,RFC310,rfc-index.xml
RFC385,RFC354,updates,RFC385,rfc-index.xml
RFC414,RFC385,updates,RFC414,rfc-index.xml
RFC454,RFC354,updates,RFC454,rfc-index.xml
RFC614,RFC542,updates,RFC614,rfc-index.xml
RFC614,RFC607,updates,RFC614,rfc-index.xml
RFC640,RFC542,updates,RFC640,rfc-index.xml
RFC683,RFC354,updates,RFC683,rfc-index.xml
RFC1043,RFC732,updates,RFC1043,rfc-index.xml
RFC1101,RFC1034,updates,RFC1101,rfc-index.xml
RFC1101,RFC1035,updates,RFC1101,rfc-index.xml
RFC1122,RFC793,updates,RFC1122,rfc-index.xml
RFC1123,RFC952,updates,RFC1123,rfc-index.xml
RFC1123,RFC822,updates,RFC1123,rfc-index.xml
RFC1138,RFC822,updates,RFC1138,rfc-index.xml
RFC1148,RFC822,updates,RFC1148,rfc-index.xml
RFC1183,RFC1034,updates,RFC1183,rfc-index.xml
RFC1183,RFC1035,updates,RFC1183,rfc-index.xml
RFC1239,RFC1229,updates,RFC1239,rfc-index.xml
RFC1239,RFC1230,updates,RFC1239,rfc-index.xml
RFC1239,RFC1231,updates,RFC1239,rfc-index.xml
RFC1239,RFC1232,updates,RFC1239,rfc-index.xml
RFC1239,RFC1233,updates,RFC1239,rfc-index.xml
RFC1327,RFC822,updates,RFC1327,rfc-index.xml
RFC1348,RFC1034,updates,RFC1348,rfc-index.xml
RFC1348,RFC1035,updates,RFC1348,rfc-index.xml
RFC1349,RFC1123,updates,RFC1349,rfc-index.xml
RFC1349,RFC1060,updates,RFC1349,rfc-index.xml
RFC1349,RFC791,updates,RFC1349,rfc-index.xml
RFC1349,RFC1247,updates,RFC1349,rfc-index.xml
RFC1388,RFC1058,updates,RFC1388,rfc-index.xml
RFC1395,RFC951,updates,RFC1395,rfc-index.xml
RFC1497,RFC951,updates,RFC1497,rfc-index.xml
RFC1512,RFC1285,updates,RFC1512,rfc-index.xml
RFC1513,RFC1271,updates,RFC1513,rfc-index.xml
RFC1532,RFC951,updates,RFC1532,rfc-index.xml
RFC1542,RFC951,updates,RFC1542,rfc-index.xml
RFC1590,RFC1521,updates,RFC1590,rfc-index.xml
RFC1723,RFC1058,updates,RFC1723,rfc-index.xml
RFC1876,RFC1034,updates,RFC1876,rfc-index.xml
RFC1876,RFC1035,updates,RFC1876,rfc-index.xml
RFC1957,RFC1939,updates,RFC1957,rfc-index.xml
RFC1982,RFC1034,updates,RFC1982,rfc-index.xml
RFC1982,RFC1035,updates,RFC1982,rfc-index.xml
RFC1995,RFC1035,updates,RFC1995,rfc-index.xml
RFC1996,RFC1035,updates,RFC1996,rfc-index.xml
RFC2011,RFC1213,updates,RFC2011,rfc-index.xml
RFC2012,RFC1213,updates,RFC2012,rfc-index.xml
RFC2013,RFC1213,updates,RFC2013,rfc-index.xml
RFC2065,RFC1034,updates,RFC2065,rfc-index.xml
RFC2065,RFC1035,updates,RFC2065,rfc-index.xml
RFC2126,RFC1006,updates,RFC2126,rfc-index.xml
RFC2136,RFC1035,updates,RFC2136,rfc-index.xml
RFC2137,RFC1035,updates,RFC2137,rfc-index.xml
RFC2156,RFC822,updates,RFC2156,rfc-index.xml
RFC2181,RFC1123,updates,RFC2181,rfc-index.xml
RFC2181,RFC1034,updates,RFC2181,rfc-index.xml
RFC2181,RFC1035,updates,RFC2181,rfc-index.xml
RFC2228,RFC959,updates,RFC2228,rfc-index.xml
RFC2308,RFC1034,updates,RFC2308,rfc-index.xml
RFC2308,RFC1035,updates,RFC2308,rfc-index.xml
RFC2449,RFC1939,updates,RFC2449,rfc-index.xml
RFC2474,RFC791,updates,RFC2474,rfc-index.xml
RFC2535,RFC1034,updates,RFC2535,rfc-index.xml
RFC2535,RFC1035,updates,RFC2535,rfc-index.xml
RFC2640,RFC959,updates,RFC2640,rfc-index.xml
RFC2644,RFC1812,updates,RFC2644,rfc-index.xml
RFC2673,RFC1035,updates,RFC2673,rfc-index.xml
RFC2773,RFC959,updates,RFC2773,rfc-index.xml
RFC2845,RFC1035,updates,RFC2845,rfc-index.xml
RFC3168,RFC793,updates,RFC3168,rfc-index.xml
RFC3241,RFC1332,updates,RFC3241,rfc-index.xml
RFC3377,RFC2255,updates,RFC3377,rfc-index.xml
RFC3425,RFC1035,updates,RFC3425,rfc-index.xml
RFC3658,RFC1035,updates,RFC3658,rfc-index.xml
RFC3659,RFC959,updates,RFC3659,rfc-index.xml
RFC3977,RFC2980,updates,RFC3977,rfc-index.xml
RFC4033,RFC1034,updates,RFC4033,rfc-index.xml
RFC4033,RFC1035,updates,RFC4033,rfc-index.xml
RFC4034,RFC1034,updates,RFC4034,rfc-index.xml
RFC4034,RFC1035,updates,RFC4034,rfc-index.xml
RFC4035,RFC1034,updates,RFC4035,rfc-index.xml
RFC4035,RFC1035,updates,RFC4035,rfc-index.xml
RFC4343,RFC1034,updates,RFC4343,rfc-index.xml
RFC4343,RFC1035,updates,RFC4343,rfc-index.xml
RFC4466,RFC3501,updates,RFC4466,rfc-index.xml
RFC4469,RFC3501,updates,RFC4469,rfc-index.xml
RFC4537,RFC4120,updates,RFC4537,rfc-index.xml
RFC4551,RFC3501,updates,RFC4551,rfc-index.xml
RFC4592,RFC1034,updates,RFC4592,rfc-index.xml
RFC4992,RFC3981,updates,RFC4992,rfc-index.xml
RFC5021,RFC4120,updates,RFC5021,rfc-index.xml
RFC5032,RFC3501,updates,RFC5032,rfc-index.xml
RFC5182,RFC3501,updates,RFC5182,rfc-index.xml
RFC5198,RFC854,updates,RFC5198,rfc-index.xml
RFC5227,RFC826,updates,RFC5227,rfc-index.xml
RFC5321,RFC1123,updates,RFC5321,rfc-index.xml
RFC5395,RFC1183,updates,RFC5395,rfc-index.xml
RFC5494,RFC951,updates,RFC5494,rfc-index.xml
RFC5494,RFC826,updates,RFC5494,rfc-index.xml
RFC5595,RFC4340,updates,RFC5595,rfc-index.xml
RFC5596,RFC4340,updates,RFC5596,rfc-index.xml
RFC5618,RFC5357,updates,RFC5618,rfc-index.xml
RFC5738,RFC3501,updates,RFC5738,rfc-index.xml
RFC5797,RFC959,updates,RFC5797,rfc-index.xml
RFC5864,RFC1183,updates,RFC5864,rfc-index.xml
RFC5872,RFC5191,updates,RFC5872,rfc-index.xml
RFC5896,RFC4120,updates,RFC5896,rfc-index.xml
RFC5936,RFC1034,updates,RFC5936,rfc-index.xml
RFC5936,RFC1035,updates,RFC5936,rfc-index.xml
RFC5938,RFC5357,updates,RFC5938,rfc-index.xml
RFC5966,RFC1123,updates,RFC5966,rfc-index.xml
RFC5966,RFC1035,updates,RFC5966,rfc-index.xml
RFC6038,RFC5357,updates,RFC6038,rfc-index.xml
RFC6048,RFC3977,updates,RFC6048,rfc-index.xml
RFC6075,RFC2244,updates,RFC6075,rfc-index.xml
RFC6093,RFC793,updates,RFC6093,rfc-index.xml
RFC6111,RFC4120,updates,RFC6111,rfc-index.xml
RFC6112,RFC4120,updates,RFC6112,rfc-index.xml
RFC6113,RFC4120,updates,RFC6113,rfc-index.xml
RFC6151,RFC1321,updates,RFC6151,rfc-index.xml
RFC6186,RFC1939,updates,RFC6186,rfc-index.xml
RFC6186,RFC3501,updates,RFC6186,rfc-index.xml
RFC6195,RFC1183,updates,RFC6195,rfc-index.xml
RFC6270,RFC1041,updates,RFC6270,rfc-index.xml
RFC6335,RFC4960,updates,RFC6335,rfc-index.xml
RFC6335,RFC3828,updates,RFC6335,rfc-index.xml
RFC6335,RFC4340,updates,RFC6335,rfc-index.xml
RFC6335,RFC5595,updates,RFC6335,rfc-index.xml
RFC6335,RFC2780,updates,RFC6335,rfc-index.xml
RFC6335,RFC2782,updates,RFC6335,rfc-index.xml
RFC6528,RFC793,updates,RFC6528,rfc-index.xml
RFC6604,RFC1035,updates,RFC6604,rfc-index.xml
RFC6633,RFC1812,updates,RFC6633,rfc-index.xml
RFC6649,RFC4120,updates,RFC6649,rfc-index.xml
RFC6773,RFC4340,updates,RFC6773,rfc-index.xml
RFC6806,RFC4120,updates,RFC6806,rfc-index.xml
RFC6858,RFC3501,updates,RFC6858,rfc-index.xml
RFC6864,RFC791,updates,RFC6864,rfc-index.xml
RFC6895,RFC1183,updates,RFC6895,rfc-index.xml
RFC6898,RFC4204,updates,RFC6898,rfc-index.xml
RFC7143,RFC3721,updates,RFC7143,rfc-index.xml
RFC7151,RFC959,updates,RFC7151,rfc-index.xml
RFC7504,RFC5321,updates,RFC7504,rfc-index.xml
RFC7653,RFC5460,updates,RFC7653,rfc-index.xml
RFC7717,RFC4656,updates,RFC7717,rfc-index.xml
RFC7717,RFC5357,updates,RFC7717,rfc-index.xml
RFC7718,RFC4656,updates,RFC7718,rfc-index.xml
RFC7750,RFC5357,updates,RFC7750,rfc-index.xml
RFC7751,RFC4120,updates,RFC7751,rfc-index.xml
RFC7766,RFC1123,updates,RFC7766,rfc-index.xml
RFC7766,RFC1035,updates,RFC7766,rfc-index.xml
RFC7817,RFC3501,updates,RFC7817,rfc-index.xml
RFC7822,RFC5905,updates,RFC7822,rfc-index.xml
RFC8020,RFC1034,updates,RFC8020,rfc-index.xml
RFC8062,RFC4120,updates,RFC8062,rfc-index.xml
RFC8129,RFC4120,updates,RFC8129,rfc-index.xml
RFC8143,RFC4642,updates,RFC8143,rfc-index.xml
RFC8210,RFC6810,updates,RFC8210,rfc-index.xml
RFC8308,RFC4251,updates,RFC8308,rfc-index.xml
RFC8310,RFC7858,updates,RFC8310,rfc-index.xml
RFC8314,RFC2595,updates,RFC8314,rfc-index.xml
RFC8314,RFC6409,updates,RFC8314,rfc-index.xml
RFC8314,RFC6186,updates,RFC8314,rfc-index.xml
RFC8314,RFC5068,updates,RFC8314,rfc-index.xml
RFC8314,RFC3501,updates,RFC8314,rfc-index.xml
RFC8314,RFC1939,updates,RFC8314,rfc-index.xml
RFC8429,RFC4120,updates,RFC8429,rfc-index.xml
RFC8437,RFC3501,updates,RFC8437,rfc-index.xml
RFC8474,RFC3501,updates,RFC8474,rfc-index.xml
RFC8482,RFC1034,updates,RFC8482,rfc-index.xml
RFC8482,RFC1035,updates,RFC8482,rfc-index.xml
RFC8490,RFC1035,updates,RFC8490,rfc-index.xml
RFC8545,RFC4656,updates,RFC8545,rfc-index.xml
RFC8545,RFC5357,updates,RFC8545,rfc-index.xml
RFC8553,RFC4227,updates,RFC8553,rfc-index.xml
RFC8553,RFC4120,updates,RFC8553,rfc-index.xml
RFC8553,RFC3620,updates,RFC8553,rfc-index.xml
RFC8553,RFC3529,updates,RFC8553,rfc-index.xml
RFC8573,RFC5905,updates,RFC8573,rfc-index.xml
RFC8767,RFC1034,updates,RFC8767,rfc-index.xml
RFC8767,RFC1035,updates,RFC8767,rfc-index.xml
RFC8996,RFC4642,updates,RFC8996,rfc-index.xml
RFC8996,RFC5734,updates,RFC8996,rfc-index.xml
RFC8996,RFC4992,updates,RFC8996,rfc-index.xml
RFC8996,RFC3983,updates,RFC8996,rfc-index.xml
RFC8996,RFC3501,updates,RFC8996,rfc-index.xml
RFC8997,RFC8314,updates,RFC8997,rfc-index.xml
RFC9109,RFC5905,updates,RFC9109,rfc-index.xml
RFC9110,RFC3864,updates,RFC9110,rfc-index.xml
RFC9141,RFC4251,updates,RFC9141,rfc-index.xml
RFC9141,RFC3684,updates,RFC9141,rfc-index.xml
RFC9210,RFC1123,updates,RFC9210,rfc-index.xml
RFC9471,RFC1034,updates,RFC9471,rfc-index.xml
RFC9619,RFC1035,updates,RFC9619,rfc-index.xml
RFC9748,RFC5905,updates,RFC9748,rfc-index.xml
RFC9769,RFC5905,updates,RFC9769,rfc-index.xml
RFC9868,RFC768,updates,RFC9868,rfc-index.xml
RFC9887,RFC8907,updates,RFC9887,rfc-index.xml
RFC265,RFC172,obsoletes,RFC265,rfc-index.xml
RFC354,RFC264,obsoletes,RFC354,rfc-index.xml
RFC354,RFC265,obsoletes,RFC354,rfc-index.xml
RFC407,RFC360,obsoletes,RFC407,rfc-index.xml
RFC542,RFC354,obsoletes,RFC542,rfc-index.xml
RFC624,RFC607,obsoletes,RFC624,rfc-index.xml
RFC765,RFC542,obsoletes,RFC765,rfc-index.xml
RFC776,RFC770,obsoletes,RFC776,rfc-index.xml
RFC790,RFC776,obsoletes,RFC790,rfc-index.xml
RFC791,RFC760,obsoletes,RFC791,rfc-index.xml
RFC793,RFC761,obsoletes,RFC793,rfc-index.xml
RFC821,RFC788,obsoletes,RFC821,rfc-index.xml
RFC822,RFC733,obsoletes,RFC822,rfc-index.xml
RFC854,RFC764,obsoletes,RFC854,rfc-index.xml
RFC923,RFC900,obsoletes,RFC923,rfc-index.xml
RFC931,RFC912,obsoletes,RFC931,rfc-index.xml
RFC937,RFC918,obsoletes,RFC937,rfc-index.xml
RFC943,RFC923,obsoletes,RFC943,rfc-index.xml
RFC954,RFC812,obsoletes,RFC954,rfc-index.xml
RFC959,RFC765,obsoletes,RFC959,rfc-index.xml
RFC960,RFC943,obsoletes,RFC960,rfc-index.xml
RFC1006,RFC983,obsoletes,RFC1006,rfc-index.xml
RFC1034,RFC882,obsoletes,RFC1034,rfc-index.xml
RFC1034,RFC883,obsoletes,RFC1034,rfc-index.xml
RFC1034,RFC973,obsoletes,RFC1034,rfc-index.xml
RFC1035,RFC882,obsoletes,RFC1035,rfc-index.xml
RFC1035,RFC883,obsoletes,RFC1035,rfc-index.xml
RFC1035,RFC973,obsoletes,RFC1035,rfc-index.xml
RFC1036,RFC850,obsoletes,RFC1036,rfc-index.xml
RFC1057,RFC1050,obsoletes,RFC1057,rfc-index.xml
RFC1060,RFC1010,obsoletes,RFC1060,rfc-index.xml
RFC1084,RFC1048,obsoletes,RFC1084,rfc-index.xml
RFC1098,RFC1067,obsoletes,RFC1098,rfc-index.xml
RFC1155,RFC1065,obsoletes,RFC1155,rfc-index.xml
RFC1156,RFC1066,obsoletes,RFC1156,rfc-index.xml
RFC1157,RFC1098,obsoletes,RFC1157,rfc-index.xml
RFC1184,RFC1116,obsoletes,RFC1184,rfc-index.xml
RFC1189,RFC1095,obsoletes,RFC1189,rfc-index.xml
RFC1194,RFC742,obsoletes,RFC1194,rfc-index.xml
RFC1196,RFC1194,obsoletes,RFC1196,rfc-index.xml
RFC1196,RFC742,obsoletes,RFC1196,rfc-index.xml
RFC1213,RFC1158,obsoletes,RFC1213,rfc-index.xml
RFC1225,RFC1081,obsoletes,RFC1225,rfc-index.xml
RFC1238,RFC1162,obsoletes,RFC1238,rfc-index.xml
RFC1247,RFC1131,obsoletes,RFC1247,rfc-index.xml
RFC1253,RFC1252,obsoletes,RFC1253,rfc-index.xml
RFC1288,RFC1194,obsoletes,RFC1288,rfc-index.xml
RFC1288,RFC1196,obsoletes,RFC1288,rfc-index.xml
RFC1288,RFC742,obsoletes,RFC1288,rfc-index.xml
RFC1331,RFC1171,obsoletes,RFC1331,rfc-index.xml
RFC1331,RFC1172,obsoletes,RFC1331,rfc-index.xml
RFC1332,RFC1172,obsoletes,RFC1332,rfc-index.xml
RFC1340,RFC1060,obsoletes,RFC1340,rfc-index.xml
RFC1350,RFC783,obsoletes,RFC1350,rfc-index.xml
RFC1395,RFC1084,obsoletes,RFC1395,rfc-index.xml
RFC1398,RFC1284,obsoletes,RFC1398,rfc-index.xml
RFC1406,RFC1232,obsoletes,RFC1406,rfc-index.xml
RFC1407,RFC1233,obsoletes,RFC1407,rfc-index.xml
RFC1413,RFC931,obsoletes,RFC1413,rfc-index.xml
RFC1418,RFC1161,obsoletes,RFC1418,rfc-index.xml
RFC1418,RFC1283,obsoletes,RFC1418,rfc-index.xml
RFC1460,RFC1225,obsoletes,RFC1460,rfc-index.xml
RFC1493,RFC1286,obsoletes,RFC1493,rfc-index.xml
RFC1497,RFC1084,obsoletes,RFC1497,rfc-index.xml
RFC1519,RFC1338,obsoletes,RFC1519,rfc-index.xml
RFC1521,RFC1341,obsoletes,RFC1521,rfc-index.xml
RFC1522,RFC1342,obsoletes,RFC1522,rfc-index.xml
RFC1525,RFC1286,obsoletes,RFC1525,rfc-index.xml
RFC1528,RFC1486,obsoletes,RFC1528,rfc-index.xml
RFC1529,RFC1486,obsoletes,RFC1529,rfc-index.xml
RFC1533,RFC1084,obsoletes,RFC1533,rfc-index.xml
RFC1548,RFC1331,obsoletes,RFC1548,rfc-index.xml
RFC1559,RFC1289,obsoletes,RFC1559,rfc-index.xml
RFC1573,RFC1229,obsoletes,RFC1573,rfc-index.xml
RFC1583,RFC1247,obsoletes,RFC1583,rfc-index.xml
RFC1592,RFC1228,obsoletes,RFC1592,rfc-index.xml
RFC1637,RFC1348,obsoletes,RFC1637,rfc-index.xml
RFC1638,RFC1220,obsoletes,RFC1638,rfc-index.xml
RFC1645,RFC1568,obsoletes,RFC1645,rfc-index.xml
RFC1651,RFC1425,obsoletes,RFC1651,rfc-index.xml
RFC1652,RFC1426,obsoletes,RFC1652,rfc-index.xml
RFC1653,RFC1427,obsoletes,RFC1653,rfc-index.xml
RFC1658,RFC1316,obsoletes,RFC1658,rfc-index.xml
RFC1659,RFC1317,obsoletes,RFC1659,rfc-index.xml
RFC1660,RFC1318,obsoletes,RFC1660,rfc-index.xml
RFC1694,RFC1304,obsoletes,RFC1694,rfc-index.xml
RFC1700,RFC1340,obsoletes,RFC1700,rfc-index.xml
RFC1725,RFC1460,obsoletes,RFC1725,rfc-index.xml
RFC1742,RFC1243,obsoletes,RFC1742,rfc-index.xml
RFC1743,RFC1231,obsoletes,RFC1743,rfc-index.xml
RFC1748,RFC1231,obsoletes,RFC1748,rfc-index.xml
RFC1757,RFC1271,obsoletes,RFC1757,rfc-index.xml
RFC1812,RFC1009,obsoletes,RFC1812,rfc-index.xml
RFC1812,RFC1716,obsoletes,RFC1812,rfc-index.xml
RFC1850,RFC1253,obsoletes,RFC1850,rfc-index.xml
RFC1869,RFC1651,obsoletes,RFC1869,rfc-index.xml
RFC1870,RFC1653,obsoletes,RFC1870,rfc-index.xml
RFC1939,RFC1725,obsoletes,RFC1939,rfc-index.xml
RFC1989,RFC1333,obsoletes,RFC1989,rfc-index.xml
RFC2045,RFC1521,obsoletes,RFC2045,rfc-index.xml
RFC2045,RFC1522,obsoletes,RFC2045,rfc-index.xml
RFC2046,RFC1521,obsoletes,RFC2046,rfc-index.xml
RFC2046,RFC1522,obsoletes,RFC2046,rfc-index.xml
RFC2047,RFC1521,obsoletes,RFC2047,rfc-index.xml
RFC2047,RFC1522,obsoletes,RFC2047,rfc-index.xml
RFC2048,RFC1521,obsoletes,RFC2048,rfc-index.xml
RFC2048,RFC1522,obsoletes,RFC2048,rfc-index.xml
RFC2049,RFC1521,obsoletes,RFC2049,rfc-index.xml
RFC2049,RFC1522,obsoletes,RFC2049,rfc-index.xml
RFC2115,RFC1315,obsoletes,RFC2115,rfc-index.xml
RFC2255,RFC1959,obsoletes,RFC2255,rfc-index.xml
RFC2390,RFC1293,obsoletes,RFC2390,rfc-index.xml
RFC2741,RFC2257,obsoletes,RFC2741,rfc-index.xml
RFC2821,RFC821,obsoletes,RFC2821,rfc-index.xml
RFC2821,RFC974,obsoletes,RFC2821,rfc-index.xml
RFC2822,RFC822,obsoletes,RFC2822,rfc-index.xml
RFC3232,RFC1700,obsoletes,RFC3232,rfc-index.xml
RFC3501,RFC2060,obsoletes,RFC3501,rfc-index.xml
RFC3805,RFC1759,obsoletes,RFC3805,rfc-index.xml
RFC3912,RFC954,obsoletes,RFC3912,rfc-index.xml
RFC3912,RFC812,obsoletes,RFC3912,rfc-index.xml
RFC3977,RFC977,obsoletes,RFC3977,rfc-index.xml
RFC4120,RFC1510,obsoletes,RFC4120,rfc-index.xml
RFC4227,RFC3288,obsoletes,RFC4227,rfc-index.xml
RFC4273,RFC1269,obsoletes,RFC4273,rfc-index.xml
RFC4306,RFC2408,obsoletes,RFC4306,rfc-index.xml
RFC4306,RFC2407,obsoletes,RFC4306,rfc-index.xml
RFC4510,RFC2255,obsoletes,RFC4510,rfc-index.xml
RFC4516,RFC2255,obsoletes,RFC4516,rfc-index.xml
RFC5321,RFC2821,obsoletes,RFC5321,rfc-index.xml
RFC5536,RFC1036,obsoletes,RFC5536,rfc-index.xml
RFC5537,RFC1036,obsoletes,RFC5537,rfc-index.xml
RFC5734,RFC4934,obsoletes,RFC5734,rfc-index.xml
RFC5905,RFC1305,obsoletes,RFC5905,rfc-index.xml
RFC5905,RFC4330,obsoletes,RFC5905,rfc-index.xml
RFC6152,RFC1652,obsoletes,RFC6152,rfc-index.xml
RFC6242,RFC4742,obsoletes,RFC6242,rfc-index.xml
RFC6407,RFC3547,obsoletes,RFC6407,rfc-index.xml
RFC6409,RFC4409,obsoletes,RFC6409,rfc-index.xml
RFC6814,RFC1475,obsoletes,RFC6814,rfc-index.xml
RFC7143,RFC3720,obsoletes,RFC7143,rfc-index.xml
RFC7143,RFC4850,obsoletes,RFC7143,rfc-index.xml
RFC7143,RFC3980,obsoletes,RFC7143,rfc-index.xml
RFC7143,RFC5048,obsoletes,RFC7143,rfc-index.xml
RFC7805,RFC1078,obsoletes,RFC7805,rfc-index.xml
RFC8011,RFC3381,obsoletes,RFC8011,rfc-index.xml
RFC8011,RFC3382,obsoletes,RFC8011,rfc-index.xml
RFC8011,RFC2911,obsoletes,RFC8011,rfc-index.xml
RFC9051,RFC3501,obsoletes,RFC9051,rfc-index.xml
RFC9110,RFC7232,obsoletes,RFC9110,rfc-index.xml
RFC9110,RFC7233,obsoletes,RFC9110,rfc-index.xml
RFC9110,RFC2818,obsoletes,RFC9110,rfc-index.xml
RFC9110,RFC7235,obsoletes,RFC9110,rfc-index.xml
RFC9110,RFC7615,obsoletes,RFC9110,rfc-index.xml
RFC9110,RFC7694,obsoletes,RFC9110,rfc-index.xml
RFC9110,RFC7538,obsoletes,RFC9110,rfc-index.xml
RFC9110,RFC7230,obsoletes,RFC9110,rfc-index.xml
RFC9110,RFC7231,obsoletes,RFC9110,rfc-index.xml
RFC9260,RFC4960,obsoletes,RFC9260,rfc-index.xml
RFC9260,RFC4460,obsoletes,RFC9260,rfc-index.xml
RFC9260,RFC7053,obsoletes,RFC9260,rfc-index.xml
RFC9260,RFC6096,obsoletes,RFC9260,rfc-index.xml
RFC9260,RFC8540,obsoletes,RFC9260,rfc-index.xml
RFC9293,RFC793,obsoletes,RFC9293,rfc-index.xml
RFC9915,RFC8415,obsoletes,RFC9915,rfc-index.xml
RFC812,RFC742,rfc_ref,RFC812,ref(txt)
RFC937,RFC918,rfc_ref,RFC937,ref(txt)
RFC937,RFC923,rfc_ref,RFC937,ref(txt)
RFC937,RFC821,rfc_ref,RFC937,ref(txt)
RFC937,RFC822,rfc_ref,RFC937,ref(txt)
RFC951,RFC768,rfc_ref,RFC951,ref(txt)
RFC951,RFC903,rfc_ref,RFC951,ref(txt)
RFC951,RFC906,rfc_ref,RFC951,ref(txt)
RFC951,RFC791,rfc_ref,RFC951,ref(txt)
RFC951,RFC783,rfc_ref,RFC951,ref(txt)
RFC951,RFC913,rfc_ref,RFC951,ref(txt)
RFC951,RFC919,rfc_ref,RFC951,ref(txt)
RFC951,RFC826,rfc_ref,RFC951,ref(txt)
RFC951,RFC765,rfc_ref,RFC951,ref(txt)
RFC954,RFC812,rfc_ref,RFC954,ref(txt)
RFC959,RFC640,rfc_ref,RFC959,ref(txt)
RFC959,RFC385,rfc_ref,RFC959,ref(txt)
RFC959,RFC520,rfc_ref,RFC959,ref(txt)
RFC959,RFC265,rfc_ref,RFC959,ref(txt)
RFC959,RFC776,rfc_ref,RFC959,ref(txt)
RFC959,RFC141,rfc_ref,RFC959,ref(txt)
RFC959,RFC532,rfc_ref,RFC959,ref(txt)
RFC959,RFC281,rfc_ref,RFC959,ref(txt)
RFC959,RFC793,rfc_ref,RFC959,ref(txt)
RFC959,RFC412,rfc_ref,RFC959,ref(txt)
RFC959,RFC542,rfc_ref,RFC959,ref(txt)
RFC959,RFC414,rfc_ref,RFC959,ref(txt)
RFC959,RFC294,rfc_ref,RFC959,ref(txt)
RFC959,RFC172,rfc_ref,RFC959,ref(txt)
RFC959,RFC430,rfc_ref,RFC959,ref(txt)
RFC959,RFC686,rfc_ref,RFC959,ref(txt)
RFC959,RFC943,rfc_ref,RFC959,ref(txt)
RFC959,RFC691,rfc_ref,RFC959,ref(txt)
RFC959,RFC949,rfc_ref,RFC959,ref(txt)
RFC959,RFC438,rfc_ref,RFC959,ref(txt)
RFC959,RFC697,rfc_ref,RFC959,ref(txt)
RFC959,RFC571,rfc_ref,RFC959,ref(txt)
RFC959,RFC448,rfc_ref,RFC959,ref(txt)
RFC959,RFC454,rfc_ref,RFC959,ref(txt)
RFC959,RFC458,rfc_ref,RFC959,ref(txt)
RFC959,RFC463,rfc_ref,RFC959,ref(txt)
RFC959,RFC593,rfc_ref,RFC959,ref(txt)
RFC959,RFC468,rfc_ref,RFC959,ref(txt)
RFC959,RFC854,rfc_ref,RFC959,ref(txt)
RFC959,RFC475,rfc_ref,RFC959,ref(txt)
RFC959,RFC478,rfc_ref,RFC959,ref(txt)
RFC959,RFC607,rfc_ref,RFC959,ref(txt)
RFC959,RFC479,rfc_ref,RFC959,ref(txt)
RFC959,RFC480,rfc_ref,RFC959,ref(txt)
RFC959,RFC354,rfc_ref,RFC959,ref(txt)
RFC959,RFC737,rfc_ref,RFC959,ref(txt)
RFC959,RFC614,rfc_ref,RFC959,ref(txt)
RFC959,RFC743,rfc_ref,RFC959,ref(txt)
RFC959,RFC238,rfc_ref,RFC959,ref(txt)
RFC959,RFC751,rfc_ref,RFC959,ref(txt)
RFC959,RFC624,rfc_ref,RFC959,ref(txt)
RFC959,RFC114,rfc_ref,RFC959,ref(txt)
RFC959,RFC630,rfc_ref,RFC959,ref(txt)
RFC959,RFC506,rfc_ref,RFC959,ref(txt)
RFC959,RFC765,rfc_ref,RFC959,ref(txt)
RFC1060,RFC1131,rfc_ref,RFC1060,ref(txt)
RFC1060,RFC1084,rfc_ref,RFC1060,ref(txt)
RFC1060,RFC1116,rfc_ref,RFC1060,ref(txt)
RFC1086,RFC791,rfc_ref,RFC1086,ref(txt)
RFC1086,RFC1006,rfc_ref,RFC1086,ref(txt)
RFC1086,RFC983,rfc_ref,RFC1086,ref(txt)
RFC1086,RFC793,rfc_ref,RFC1086,ref(txt)
RFC1098,RFC768,rfc_ref,RFC1098,ref(txt)
RFC1098,RFC1028,rfc_ref,RFC1098,ref(txt)
RFC1098,RFC1095,rfc_ref,RFC1098,ref(txt)
RFC1098,RFC1065,rfc_ref,RFC1098,ref(txt)
RFC1098,RFC1067,rfc_ref,RFC1098,ref(txt)
RFC1098,RFC1066,rfc_ref,RFC1098,ref(txt)
RFC1098,RFC1052,rfc_ref,RFC1098,ref(txt)
RFC1161,RFC768,rfc_ref,RFC1161,ref(txt)
RFC1161,RFC1155,rfc_ref,RFC1161,ref(txt)
RFC1161,RFC1156,rfc_ref,RFC1161,ref(txt)
RFC1161,RFC1157,rfc_ref,RFC1161,ref(txt)
RFC1194,RFC742,rfc_ref,RFC1194,ref(txt)
RFC1196,RFC1194,rfc_ref,RFC1196,ref(txt)
RFC1196,RFC742,rfc_ref,RFC1196,ref(txt)
RFC1204,RFC821,rfc_ref,RFC1204,ref(txt)
RFC1204,RFC959,rfc_ref,RFC1204,ref(txt)
RFC1228,RFC1155,rfc_ref,RFC1228,ref(txt)
RFC1228,RFC1156,rfc_ref,RFC1228,ref(txt)
RFC1228,RFC1157,rfc_ref,RFC1228,ref(txt)
RFC1228,RFC1098,rfc_ref,RFC1228,ref(txt)
RFC1249,RFC1202,rfc_ref,RFC1249,ref(txt)
RFC1283,RFC768,rfc_ref,RFC1283,ref(txt)
RFC1283,RFC1155,rfc_ref,RFC1283,ref(txt)
RFC1283,RFC1157,rfc_ref,RFC1283,ref(txt)
RFC1283,RFC1161,rfc_ref,RFC1283,ref(txt)
RFC1283,RFC1238,rfc_ref,RFC1283,ref(txt)
RFC1283,RFC1213,rfc_ref,RFC1283,ref(txt)
RFC1283,RFC1278,rfc_ref,RFC1283,ref(txt)
RFC1288,RFC1196,rfc_ref,RFC1288,ref(txt)
RFC1288,RFC742,rfc_ref,RFC1288,ref(txt)
RFC1340,RFC1284,rfc_ref,RFC1340,ref(txt)
RFC1340,RFC1285,rfc_ref,RFC1340,ref(txt)
RFC1340,RFC1286,rfc_ref,RFC1340,ref(txt)
RFC1340,RFC1293,rfc_ref,RFC1340,ref(txt)
RFC1340,RFC1043,rfc_ref,RFC1340,ref(txt)
RFC1340,RFC1304,rfc_ref,RFC1340,ref(txt)
RFC1340,RFC1183,rfc_ref,RFC1340,ref(txt)
RFC1340,RFC1315,rfc_ref,RFC1340,ref(txt)
RFC1340,RFC1316,rfc_ref,RFC1340,ref(txt)
RFC1340,RFC1317,rfc_ref,RFC1340,ref(txt)
RFC1340,RFC1318,rfc_ref,RFC1340,ref(txt)
RFC1340,RFC1331,rfc_ref,RFC1340,ref(txt)
RFC1340,RFC1332,rfc_ref,RFC1340,ref(txt)
RFC1340,RFC1333,rfc_ref,RFC1340,ref(txt)
RFC1340,RFC1339,rfc_ref,RFC1340,ref(txt)
RFC1340,RFC1084,rfc_ref,RFC1340,ref(txt)
RFC1340,RFC1213,rfc_ref,RFC1340,ref(txt)
RFC1340,RFC1341,rfc_ref,RFC1340,ref(txt)
RFC1340,RFC1345,rfc_ref,RFC1340,ref(txt)
RFC1340,RFC1348,rfc_ref,RFC1340,ref(txt)
RFC1340,RFC1220,rfc_ref,RFC1340,ref(txt)
RFC1340,RFC1225,rfc_ref,RFC1340,ref(txt)
RFC1340,RFC1353,rfc_ref,RFC1340,ref(txt)
RFC1340,RFC1229,rfc_ref,RFC1340,ref(txt)
RFC1340,RFC1230,rfc_ref,RFC1340,ref(txt)
RFC1340,RFC1231,rfc_ref,RFC1340,ref(txt)
RFC1340,RFC1232,rfc_ref,RFC1340,ref(txt)
RFC1340,RFC1233,rfc_ref,RFC1340,ref(txt)
RFC1340,RFC1239,rfc_ref,RFC1340,ref(txt)
RFC1340,RFC1241,rfc_ref,RFC1340,ref(txt)
RFC1340,RFC1243,rfc_ref,RFC1340,ref(txt)
RFC1340,RFC1116,rfc_ref,RFC1340,ref(txt)
RFC1340,RFC1253,rfc_ref,RFC1340,ref(txt)
RFC1340,RFC1131,rfc_ref,RFC1340,ref(txt)
RFC1340,RFC1269,rfc_ref,RFC1340,ref(txt)
RFC1340,RFC1271,rfc_ref,RFC1340,ref(txt)
RFC1413,RFC931,rfc_ref,RFC1413,ref(txt)
RFC1413,RFC1340,rfc_ref,RFC1413,ref(txt)
RFC1436,RFC1034,rfc_ref,RFC1436,ref(txt)
RFC1440,RFC821,rfc_ref,RFC1440,ref(txt)
RFC1440,RFC1341,rfc_ref,RFC1440,ref(txt)
RFC1440,RFC959,rfc_ref,RFC1440,ref(txt)
RFC1460,RFC1321,rfc_ref,RFC1460,ref(txt)
RFC1460,RFC1225,rfc_ref,RFC1460,ref(txt)
RFC1460,RFC821,rfc_ref,RFC1460,ref(txt)
RFC1460,RFC822,rfc_ref,RFC1460,ref(txt)
RFC1476,RFC1058,rfc_ref,RFC1476,ref(txt)
RFC1476,RFC1475,rfc_ref,RFC1476,ref(txt)
RFC1476,RFC1287,rfc_ref,RFC1476,ref(txt)
RFC1476,RFC791,rfc_ref,RFC1476,ref(txt)
RFC1476,RFC1338,rfc_ref,RFC1476,ref(txt)
RFC1476,RFC1247,rfc_ref,RFC1476,ref(txt)
RFC1568,RFC1521,rfc_ref,RFC1568,ref(txt)
RFC1568,RFC821,rfc_ref,RFC1568,ref(txt)
RFC1568,RFC1486,rfc_ref,RFC1568,ref(txt)
RFC1651,RFC1123,rfc_ref,RFC1651,ref(txt)
RFC1651,RFC1521,rfc_ref,RFC1651,ref(txt)
RFC1651,RFC1522,rfc_ref,RFC1651,ref(txt)
RFC1651,RFC821,rfc_ref,RFC1651,ref(txt)
RFC1651,RFC822,rfc_ref,RFC1651,ref(txt)
RFC1652,RFC974,rfc_ref,RFC1652,ref(txt)
RFC1652,RFC1521,rfc_ref,RFC1652,ref(txt)
RFC1652,RFC1522,rfc_ref,RFC1652,ref(txt)
RFC1652,RFC1651,rfc_ref,RFC1652,ref(txt)
RFC1652,RFC821,rfc_ref,RFC1652,ref(txt)
RFC1652,RFC822,rfc_ref,RFC1652,ref(txt)
RFC1653,RFC974,rfc_ref,RFC1653,ref(txt)
RFC1653,RFC1521,rfc_ref,RFC1653,ref(txt)
RFC1653,RFC1522,rfc_ref,RFC1653,ref(txt)
RFC1653,RFC1651,rfc_ref,RFC1653,ref(txt)
RFC1653,RFC821,rfc_ref,RFC1653,ref(txt)
RFC1653,RFC822,rfc_ref,RFC1653,ref(txt)
RFC1700,RFC1028,rfc_ref,RFC1700,ref(txt)
RFC1700,RFC1034,rfc_ref,RFC1700,ref(txt)
RFC1700,RFC1035,rfc_ref,RFC1700,ref(txt)
RFC1700,RFC1036,rfc_ref,RFC1700,ref(txt)
RFC1700,RFC1041,rfc_ref,RFC1700,ref(txt)
RFC1700,RFC1554,rfc_ref,RFC1700,ref(txt)
RFC1700,RFC1043,rfc_ref,RFC1700,ref(txt)
RFC1700,RFC1556,rfc_ref,RFC1700,ref(txt)
RFC1700,RFC1045,rfc_ref,RFC1700,ref(txt)
RFC1700,RFC1557,rfc_ref,RFC1700,ref(txt)
RFC1700,RFC1559,rfc_ref,RFC1700,ref(txt)
RFC1700,RFC1053,rfc_ref,RFC1700,ref(txt)
RFC1700,RFC1565,rfc_ref,RFC1700,ref(txt)
RFC1700,RFC1566,rfc_ref,RFC1700,ref(txt)
RFC1700,RFC1568,rfc_ref,RFC1700,ref(txt)
RFC1700,RFC1567,rfc_ref,RFC1700,ref(txt)
RFC1700,RFC1572,rfc_ref,RFC1700,ref(txt)
RFC1700,RFC1573,rfc_ref,RFC1700,ref(txt)
RFC1700,RFC1583,rfc_ref,RFC1700,ref(txt)
RFC1700,RFC1072,rfc_ref,RFC1700,ref(txt)
RFC1700,RFC1073,rfc_ref,RFC1700,ref(txt)
RFC1700,RFC1584,rfc_ref,RFC1700,ref(txt)
RFC1700,RFC1075,rfc_ref,RFC1700,ref(txt)
RFC1700,RFC1585,rfc_ref,RFC1700,ref(txt)
RFC1700,RFC1586,rfc_ref,RFC1700,ref(txt)
RFC1700,RFC1587,rfc_ref,RFC1700,ref(txt)
RFC1700,RFC1079,rfc_ref,RFC1700,ref(txt)
RFC1700,RFC1595,rfc_ref,RFC1700,ref(txt)
RFC1700,RFC1596,rfc_ref,RFC1700,ref(txt)
RFC1700,RFC1091,rfc_ref,RFC1700,ref(txt)
RFC1700,RFC1095,rfc_ref,RFC1700,ref(txt)
RFC1700,RFC1096,rfc_ref,RFC1700,ref(txt)
RFC1700,RFC1611,rfc_ref,RFC1700,ref(txt)
RFC1700,RFC1108,rfc_ref,RFC1700,ref(txt)
RFC1700,RFC1112,rfc_ref,RFC1700,ref(txt)
RFC1700,RFC1628,rfc_ref,RFC1700,ref(txt)
RFC1700,RFC1119,rfc_ref,RFC1700,ref(txt)
RFC1700,RFC1639,rfc_ref,RFC1700,ref(txt)
RFC1700,RFC1641,rfc_ref,RFC1700,ref(txt)
RFC1700,RFC1642,rfc_ref,RFC1700,ref(txt)
RFC1700,RFC1647,rfc_ref,RFC1700,ref(txt)
RFC1700,RFC1650,rfc_ref,RFC1700,ref(txt)
RFC1700,RFC1651,rfc_ref,RFC1700,ref(txt)
RFC1700,RFC1652,rfc_ref,RFC1700,ref(txt)
RFC1700,RFC1653,rfc_ref,RFC1700,ref(txt)
RFC1700,RFC1657,rfc_ref,RFC1700,ref(txt)
RFC1700,RFC1146,rfc_ref,RFC1700,ref(txt)
RFC1700,RFC1658,rfc_ref,RFC1700,ref(txt)
RFC1700,RFC1659,rfc_ref,RFC1700,ref(txt)
RFC1700,RFC1660,rfc_ref,RFC1700,ref(txt)
RFC1700,RFC1664,rfc_ref,RFC1700,ref(txt)
RFC1700,RFC1665,rfc_ref,RFC1700,ref(txt)
RFC1700,RFC1155,rfc_ref,RFC1700,ref(txt)
RFC1700,RFC1157,rfc_ref,RFC1700,ref(txt)
RFC1700,RFC652,rfc_ref,RFC1700,ref(txt)
RFC1700,RFC653,rfc_ref,RFC1700,ref(txt)
RFC1700,RFC654,rfc_ref,RFC1700,ref(txt)
RFC1700,RFC655,rfc_ref,RFC1700,ref(txt)
RFC1700,RFC656,rfc_ref,RFC1700,ref(txt)
RFC1700,RFC657,rfc_ref,RFC1700,ref(txt)
RFC1700,RFC658,rfc_ref,RFC1700,ref(txt)
RFC1700,RFC1693,rfc_ref,RFC1700,ref(txt)
RFC1700,RFC1694,rfc_ref,RFC1700,ref(txt)
RFC1700,RFC1183,rfc_ref,RFC1700,ref(txt)
RFC1700,RFC1184,rfc_ref,RFC1700,ref(txt)
RFC1700,RFC1695,rfc_ref,RFC1700,ref(txt)
RFC1700,RFC1696,rfc_ref,RFC1700,ref(txt)
RFC1700,RFC1697,rfc_ref,RFC1700,ref(txt)
RFC1700,RFC1190,rfc_ref,RFC1700,ref(txt)
RFC1700,RFC1191,rfc_ref,RFC1700,ref(txt)
RFC1700,RFC698,rfc_ref,RFC1700,ref(txt)
RFC1700,RFC1213,rfc_ref,RFC1700,ref(txt)
RFC1700,RFC1229,rfc_ref,RFC1700,ref(txt)
RFC1700,RFC1230,rfc_ref,RFC1700,ref(txt)
RFC1700,RFC1231,rfc_ref,RFC1700,ref(txt)
RFC1700,RFC726,rfc_ref,RFC1700,ref(txt)
RFC1700,RFC727,rfc_ref,RFC1700,ref(txt)
RFC1700,RFC1239,rfc_ref,RFC1700,ref(txt)
RFC1700,RFC1241,rfc_ref,RFC1700,ref(txt)
RFC1700,RFC1243,rfc_ref,RFC1700,ref(txt)
RFC1700,RFC732,rfc_ref,RFC1700,ref(txt)
RFC1700,RFC734,rfc_ref,RFC1700,ref(txt)
RFC1700,RFC735,rfc_ref,RFC1700,ref(txt)
RFC1700,RFC736,rfc_ref,RFC1700,ref(txt)
RFC1700,RFC741,rfc_ref,RFC1700,ref(txt)
RFC1700,RFC1253,rfc_ref,RFC1700,ref(txt)
RFC1700,RFC1256,rfc_ref,RFC1700,ref(txt)
RFC1700,RFC749,rfc_ref,RFC1700,ref(txt)
RFC1700,RFC1271,rfc_ref,RFC1700,ref(txt)
RFC1700,RFC1274,rfc_ref,RFC1700,ref(txt)
RFC1700,RFC768,rfc_ref,RFC1700,ref(txt)
RFC1700,RFC1284,rfc_ref,RFC1700,ref(txt)
RFC1700,RFC1285,rfc_ref,RFC1700,ref(txt)
RFC1700,RFC1286,rfc_ref,RFC1700,ref(txt)
RFC1700,RFC779,rfc_ref,RFC1700,ref(txt)
RFC1700,RFC791,rfc_ref,RFC1700,ref(txt)
RFC1700,RFC792,rfc_ref,RFC1700,ref(txt)
RFC1700,RFC793,rfc_ref,RFC1700,ref(txt)
RFC1700,RFC1304,rfc_ref,RFC1700,ref(txt)
RFC1700,RFC1314,rfc_ref,RFC1700,ref(txt)
RFC1700,RFC1315,rfc_ref,RFC1700,ref(txt)
RFC1700,RFC1323,rfc_ref,RFC1700,ref(txt)
RFC1700,RFC1327,rfc_ref,RFC1700,ref(txt)
RFC1700,RFC821,rfc_ref,RFC1700,ref(txt)
RFC1700,RFC822,rfc_ref,RFC1700,ref(txt)
RFC1700,RFC823,rfc_ref,RFC1700,ref(txt)
RFC1700,RFC1345,rfc_ref,RFC1700,ref(txt)
RFC1700,RFC1348,rfc_ref,RFC1700,ref(txt)
RFC1700,RFC1349,rfc_ref,RFC1700,ref(txt)
RFC1700,RFC1353,rfc_ref,RFC1700,ref(txt)
RFC1700,RFC1357,rfc_ref,RFC1700,ref(txt)
RFC1700,RFC1358,rfc_ref,RFC1700,ref(txt)
RFC1700,RFC856,rfc_ref,RFC1700,ref(txt)
RFC1700,RFC857,rfc_ref,RFC1700,ref(txt)
RFC1700,RFC858,rfc_ref,RFC1700,ref(txt)
RFC1700,RFC859,rfc_ref,RFC1700,ref(txt)
RFC1700,RFC860,rfc_ref,RFC1700,ref(txt)
RFC1700,RFC1372,rfc_ref,RFC1700,ref(txt)
RFC1700,RFC861,rfc_ref,RFC1700,ref(txt)
RFC1700,RFC869,rfc_ref,RFC1700,ref(txt)
RFC1700,RFC1382,rfc_ref,RFC1700,ref(txt)
RFC1700,RFC1381,rfc_ref,RFC1700,ref(txt)
RFC1700,RFC1389,rfc_ref,RFC1700,ref(txt)
RFC1700,RFC1393,rfc_ref,RFC1700,ref(txt)
RFC1700,RFC885,rfc_ref,RFC1700,ref(txt)
RFC1700,RFC888,rfc_ref,RFC1700,ref(txt)
RFC1700,RFC1406,rfc_ref,RFC1700,ref(txt)
RFC1700,RFC1407,rfc_ref,RFC1700,ref(txt)
RFC1700,RFC1408,rfc_ref,RFC1700,ref(txt)
RFC1700,RFC1409,rfc_ref,RFC1700,ref(txt)
RFC1700,RFC1414,rfc_ref,RFC1700,ref(txt)
RFC1700,RFC905,rfc_ref,RFC1700,ref(txt)
RFC1700,RFC908,rfc_ref,RFC1700,ref(txt)
RFC1700,RFC1421,rfc_ref,RFC1700,ref(txt)
RFC1700,RFC1422,rfc_ref,RFC1700,ref(txt)
RFC1700,RFC1423,rfc_ref,RFC1700,ref(txt)
RFC1700,RFC1428,rfc_ref,RFC1700,ref(txt)
RFC1700,RFC927,rfc_ref,RFC1700,ref(txt)
RFC1700,RFC933,rfc_ref,RFC1700,ref(txt)
RFC1700,RFC938,rfc_ref,RFC1700,ref(txt)
RFC1700,RFC1455,rfc_ref,RFC1700,ref(txt)
RFC1700,RFC1456,rfc_ref,RFC1700,ref(txt)
RFC1700,RFC946,rfc_ref,RFC1700,ref(txt)
RFC1700,RFC1461,rfc_ref,RFC1700,ref(txt)
RFC1700,RFC950,rfc_ref,RFC1700,ref(txt)
RFC1700,RFC951,rfc_ref,RFC1700,ref(txt)
RFC1700,RFC1468,rfc_ref,RFC1700,ref(txt)
RFC1700,RFC1471,rfc_ref,RFC1700,ref(txt)
RFC1700,RFC1472,rfc_ref,RFC1700,ref(txt)
RFC1700,RFC1473,rfc_ref,RFC1700,ref(txt)
RFC1700,RFC1474,rfc_ref,RFC1700,ref(txt)
RFC1700,RFC1475,rfc_ref,RFC1700,ref(txt)
RFC1700,RFC969,rfc_ref,RFC1700,ref(txt)
RFC1700,RFC1485,rfc_ref,RFC1700,ref(txt)
RFC1700,RFC1486,rfc_ref,RFC1700,ref(txt)
RFC1700,RFC1489,rfc_ref,RFC1700,ref(txt)
RFC1700,RFC1494,rfc_ref,RFC1700,ref(txt)
RFC1700,RFC1505,rfc_ref,RFC1700,ref(txt)
RFC1700,RFC1514,rfc_ref,RFC1700,ref(txt)
RFC1700,RFC1515,rfc_ref,RFC1700,ref(txt)
RFC1700,RFC1516,rfc_ref,RFC1700,ref(txt)
RFC1700,RFC1518,rfc_ref,RFC1700,ref(txt)
RFC1700,RFC1519,rfc_ref,RFC1700,ref(txt)
RFC1700,RFC1521,rfc_ref,RFC1700,ref(txt)
RFC1700,RFC1531,rfc_ref,RFC1700,ref(txt)
RFC1700,RFC1533,rfc_ref,RFC1700,ref(txt)
ACMAINT-DBD,ACMAINT-TRANSD,proto_ref,defining RFC references,derived
ACMAINT-DBD,BOOTPS,proto_ref,defining RFC references,derived
ACMAINT-DBD,CVC-HOSTD,proto_ref,defining RFC references,derived
ACMAINT-DBD,DOMAIN,proto_ref,defining RFC references,derived
ACMAINT-DBD,MDBS-DAEMON,proto_ref,defining RFC references,derived
ACMAINT-DBD,OCS-AMU,proto_ref,defining RFC references,derived
ACMAINT-DBD,OCS-CMU,proto_ref,defining RFC references,derived
ACMAINT-DBD,SMTP,proto_ref,defining RFC references,derived
ACMAINT-DBD,SNPP,proto_ref,defining RFC references,derived
ACMAINT-DBD,SQL-NET,proto_ref,defining RFC references,derived
ACMAINT-DBD,WHOISPP,proto_ref,defining RFC references,derived
ACMAINT-TRANSD,ACMAINT-DBD,proto_ref,defining RFC references,derived
ACMAINT-TRANSD,BOOTPS,proto_ref,defining RFC references,derived
ACMAINT-TRANSD,CVC-HOSTD,proto_ref,defining RFC references,derived
ACMAINT-TRANSD,DOMAIN,proto_ref,defining RFC references,derived
ACMAINT-TRANSD,MDBS-DAEMON,proto_ref,defining RFC references,derived
ACMAINT-TRANSD,OCS-AMU,proto_ref,defining RFC references,derived
ACMAINT-TRANSD,OCS-CMU,proto_ref,defining RFC references,derived
ACMAINT-TRANSD,SMTP,proto_ref,defining RFC references,derived
ACMAINT-TRANSD,SNPP,proto_ref,defining RFC references,derived
ACMAINT-TRANSD,SQL-NET,proto_ref,defining RFC references,derived
ACMAINT-TRANSD,WHOISPP,proto_ref,defining RFC references,derived
AGENTX,ACMAINT-DBD,proto_ref,defining RFC references,derived
AGENTX,ACMAINT-TRANSD,proto_ref,defining RFC references,derived
AGENTX,CVC-HOSTD,proto_ref,defining RFC references,derived
AGENTX,MDBS-DAEMON,proto_ref,defining RFC references,derived
AGENTX,OCS-AMU,proto_ref,defining RFC references,derived
AGENTX,OCS-CMU,proto_ref,defining RFC references,derived
AGENTX,SQL-NET,proto_ref,defining RFC references,derived
AGENTX,WHOISPP,proto_ref,defining RFC references,derived
BGP,PHOTURIS,proto_ref,defining RFC references,derived
CVC-HOSTD,ACMAINT-DBD,proto_ref,defining RFC references,derived
CVC-HOSTD,ACMAINT-TRANSD,proto_ref,defining RFC references,derived
CVC-HOSTD,BOOTPS,proto_ref,defining RFC references,derived
CVC-HOSTD,DOMAIN,proto_ref,defining RFC references,derived
CVC-HOSTD,MDBS-DAEMON,proto_ref,defining RFC references,derived
CVC-HOSTD,OCS-AMU,proto_ref,defining RFC references,derived
CVC-HOSTD,OCS-CMU,proto_ref,defining RFC references,derived
CVC-HOSTD,SMTP,proto_ref,defining RFC references,derived
CVC-HOSTD,SNPP,proto_ref,defining RFC references,derived
CVC-HOSTD,SQL-NET,proto_ref,defining RFC references,derived
CVC-HOSTD,WHOISPP,proto_ref,defining RFC references,derived
DHCP-FAILOVER,DHCPV6-SERVER,proto_ref,defining RFC references,derived
DHCP-FAILOVER,DOMAIN,proto_ref,defining RFC references,derived
DHCPV6-CLIENT,DOMAIN,proto_ref,defining RFC references,derived
DHCPV6-CLIENT,NTP,proto_ref,defining RFC references,derived
DHCPV6-SERVER,DOMAIN,proto_ref,defining RFC references,derived
DHCPV6-SERVER,NTP,proto_ref,defining RFC references,derived
DISCARD,PHOTURIS,proto_ref,defining RFC references,derived
DISCARD,ROUTER,proto_ref,defining RFC references,derived
DOMAIN-S,DOMAIN,proto_ref,defining RFC references,derived
DOMAIN-S,EXP1,proto_ref,defining RFC references,derived
DOMAIN-S,EXP2,proto_ref,defining RFC references,derived
DOMAIN-S,IANA-UNNAMED-TCP-0-B9AB1A9E,proto_ref,defining RFC references,derived
DOMAIN-S,IANA-UNNAMED-TCP-1023-B15027B5,proto_ref,defining RFC references,derived
DOMAIN-S,IANA-UNNAMED-UDP-0-80DA3660,proto_ref,defining RFC references,derived
DOMAIN-S,IANA-UNNAMED-UDP-1023-18462DB1,proto_ref,defining RFC references,derived
EXP1,ACMAINT-DBD,proto_ref,defining RFC references,derived
EXP1,ACMAINT-TRANSD,proto_ref,defining RFC references,derived
EXP1,CVC-HOSTD,proto_ref,defining RFC references,derived
EXP1,DISCARD,proto_ref,defining RFC references,derived
EXP1,EXP2,proto_ref,defining RFC references,derived
EXP1,FTP,proto_ref,defining RFC references,derived
EXP1,IANA-UNNAMED-TCP-0-B9AB1A9E,proto_ref,defining RFC references,derived
EXP1,IANA-UNNAMED-TCP-1023-B15027B5,proto_ref,defining RFC references,derived
EXP1,IANA-UNNAMED-UDP-0-80DA3660,proto_ref,defining RFC references,derived
EXP1,IANA-UNNAMED-UDP-1023-18462DB1,proto_ref,defining RFC references,derived
EXP1,MDBS-DAEMON,proto_ref,defining RFC references,derived
EXP1,OCS-AMU,proto_ref,defining RFC references,derived
EXP1,OCS-CMU,proto_ref,defining RFC references,derived
EXP1,SQL-NET,proto_ref,defining RFC references,derived
EXP1,TCPMUX,proto_ref,defining RFC references,derived
EXP1,WHOISPP,proto_ref,defining RFC references,derived
EXP2,ACMAINT-DBD,proto_ref,defining RFC references,derived
EXP2,ACMAINT-TRANSD,proto_ref,defining RFC references,derived
EXP2,CVC-HOSTD,proto_ref,defining RFC references,derived
EXP2,DISCARD,proto_ref,defining RFC references,derived
EXP2,EXP1,proto_ref,defining RFC references,derived
EXP2,FTP,proto_ref,defining RFC references,derived
EXP2,IANA-UNNAMED-TCP-0-B9AB1A9E,proto_ref,defining RFC references,derived
EXP2,IANA-UNNAMED-TCP-1023-B15027B5,proto_ref,defining RFC references,derived
EXP2,IANA-UNNAMED-UDP-0-80DA3660,proto_ref,defining RFC references,derived
EXP2,IANA-UNNAMED-UDP-1023-18462DB1,proto_ref,defining RFC references,derived
EXP2,MDBS-DAEMON,proto_ref,defining RFC references,derived
EXP2,OCS-AMU,proto_ref,defining RFC references,derived
EXP2,OCS-CMU,proto_ref,defining RFC references,derived
EXP2,SQL-NET,proto_ref,defining RFC references,derived
EXP2,TCPMUX,proto_ref,defining RFC references,derived
EXP2,WHOISPP,proto_ref,defining RFC references,derived
FTP,PHOTURIS,proto_ref,defining RFC references,derived
FTP,TELNET,proto_ref,defining RFC references,derived
FTP-DATA,PHOTURIS,proto_ref,defining RFC references,derived
GDOI,ISAKMP,proto_ref,defining RFC references,derived
GDOI,PHOTURIS,proto_ref,defining RFC references,derived
HTTP,NTP,proto_ref,defining RFC references,derived
HTTP,PHOTURIS,proto_ref,defining RFC references,derived
HTTPS,NTP,proto_ref,defining RFC references,derived
HTTPS,PHOTURIS,proto_ref,defining RFC references,derived
IANA-UNNAMED-TCP-0-B9AB1A9E,ACMAINT-DBD,proto_ref,defining RFC references,derived
IANA-UNNAMED-TCP-0-B9AB1A9E,ACMAINT-TRANSD,proto_ref,defining RFC references,derived
IANA-UNNAMED-TCP-0-B9AB1A9E,CVC-HOSTD,proto_ref,defining RFC references,derived
IANA-UNNAMED-TCP-0-B9AB1A9E,DISCARD,proto_ref,defining RFC references,derived
IANA-UNNAMED-TCP-0-B9AB1A9E,EXP1,proto_ref,defining RFC references,derived
IANA-UNNAMED-TCP-0-B9AB1A9E,EXP2,proto_ref,defining RFC references,derived
IANA-UNNAMED-TCP-0-B9AB1A9E,FTP,proto_ref,defining RFC references,derived
IANA-UNNAMED-TCP-0-B9AB1A9E,IANA-UNNAMED-TCP-1023-B15027B5,proto_ref,defining RFC references,derived
IANA-UNNAMED-TCP-0-B9AB1A9E,IANA-UNNAMED-UDP-0-80DA3660,proto_ref,defining RFC references,derived
IANA-UNNAMED-TCP-0-B9AB1A9E,IANA-UNNAMED-UDP-1023-18462DB1,proto_ref,defining RFC references,derived
IANA-UNNAMED-TCP-0-B9AB1A9E,MDBS-DAEMON,proto_ref,defining RFC references,derived
IANA-UNNAMED-TCP-0-B9AB1A9E,OCS-AMU,proto_ref,defining RFC references,derived
IANA-UNNAMED-TCP-0-B9AB1A9E,OCS-CMU,proto_ref,defining RFC references,derived
IANA-UNNAMED-TCP-0-B9AB1A9E,SQL-NET,proto_ref,defining RFC references,derived
IANA-UNNAMED-TCP-0-B9AB1A9E,TCPMUX,proto_ref,defining RFC references,derived
IANA-UNNAMED-TCP-0-B9AB1A9E,WHOISPP,proto_ref,defining RFC references,derived
IANA-UNNAMED-TCP-1023-B15027B5,ACMAINT-DBD,proto_ref,defining RFC references,derived
IANA-UNNAMED-TCP-1023-B15027B5,ACMAINT-TRANSD,proto_ref,defining RFC references,derived
IANA-UNNAMED-TCP-1023-B15027B5,CVC-HOSTD,proto_ref,defining RFC references,derived
IANA-UNNAMED-TCP-1023-B15027B5,DISCARD,proto_ref,defining RFC references,derived
IANA-UNNAMED-TCP-1023-B15027B5,EXP1,proto_ref,defining RFC references,derived
IANA-UNNAMED-TCP-1023-B15027B5,EXP2,proto_ref,defining RFC references,derived
IANA-UNNAMED-TCP-1023-B15027B5,FTP,proto_ref,defining RFC references,derived
IANA-UNNAMED-TCP-1023-B15027B5,IANA-UNNAMED-TCP-0-B9AB1A9E,proto_ref,defining RFC references,derived
IANA-UNNAMED-TCP-1023-B15027B5,IANA-UNNAMED-UDP-0-80DA3660,proto_ref,defining RFC references,derived
IANA-UNNAMED-TCP-1023-B15027B5,IANA-UNNAMED-UDP-1023-18462DB1,proto_ref,defining RFC references,derived
IANA-UNNAMED-TCP-1023-B15027B5,MDBS-DAEMON,proto_ref,defining RFC references,derived
IANA-UNNAMED-TCP-1023-B15027B5,OCS-AMU,proto_ref,defining RFC references,derived
IANA-UNNAMED-TCP-1023-B15027B5,OCS-CMU,proto_ref,defining RFC references,derived
IANA-UNNAMED-TCP-1023-B15027B5,SQL-NET,proto_ref,defining RFC references,derived
IANA-UNNAMED-TCP-1023-B15027B5,TCPMUX,proto_ref,defining RFC references,derived
IANA-UNNAMED-TCP-1023-B15027B5,WHOISPP,proto_ref,defining RFC references,derived
IANA-UNNAMED-TCP-35-A8F88B2A,ACMAINT-DBD,proto_ref,defining RFC references,derived
IANA-UNNAMED-TCP-35-A8F88B2A,ACMAINT-TRANSD,proto_ref,defining RFC references,derived
IANA-UNNAMED-TCP-35-A8F88B2A,CVC-HOSTD,proto_ref,defining RFC references,derived
IANA-UNNAMED-TCP-35-A8F88B2A,FTP,proto_ref,defining RFC references,derived
IANA-UNNAMED-TCP-35-A8F88B2A,IANA-UNNAMED-UDP-35-B2C7AF37,proto_ref,defining RFC references,derived
IANA-UNNAMED-TCP-35-A8F88B2A,MDBS-DAEMON,proto_ref,defining RFC references,derived
IANA-UNNAMED-TCP-35-A8F88B2A,OCS-AMU,proto_ref,defining RFC references,derived
IANA-UNNAMED-TCP-35-A8F88B2A,OCS-CMU,proto_ref,defining RFC references,derived
IANA-UNNAMED-TCP-35-A8F88B2A,PRINTER,proto_ref,defining RFC references,derived
IANA-UNNAMED-TCP-35-A8F88B2A,SQL-NET,proto_ref,defining RFC references,derived
IANA-UNNAMED-TCP-35-A8F88B2A,WHOISPP,proto_ref,defining RFC references,derived
IANA-UNNAMED-UDP-0-80DA3660,ACMAINT-DBD,proto_ref,defining RFC references,derived
IANA-UNNAMED-UDP-0-80DA3660,ACMAINT-TRANSD,proto_ref,defining RFC references,derived
IANA-UNNAMED-UDP-0-80DA3660,CVC-HOSTD,proto_ref,defining RFC references,derived
IANA-UNNAMED-UDP-0-80DA3660,DISCARD,proto_ref,defining RFC references,derived
IANA-UNNAMED-UDP-0-80DA3660,EXP1,proto_ref,defining RFC references,derived
IANA-UNNAMED-UDP-0-80DA3660,EXP2,proto_ref,defining RFC references,derived
IANA-UNNAMED-UDP-0-80DA3660,FTP,proto_ref,defining RFC references,derived
IANA-UNNAMED-UDP-0-80DA3660,IANA-UNNAMED-TCP-0-B9AB1A9E,proto_ref,defining RFC references,derived
IANA-UNNAMED-UDP-0-80DA3660,IANA-UNNAMED-TCP-1023-B15027B5,proto_ref,defining RFC references,derived
IANA-UNNAMED-UDP-0-80DA3660,IANA-UNNAMED-UDP-1023-18462DB1,proto_ref,defining RFC references,derived
IANA-UNNAMED-UDP-0-80DA3660,MDBS-DAEMON,proto_ref,defining RFC references,derived
IANA-UNNAMED-UDP-0-80DA3660,OCS-AMU,proto_ref,defining RFC references,derived
IANA-UNNAMED-UDP-0-80DA3660,OCS-CMU,proto_ref,defining RFC references,derived
IANA-UNNAMED-UDP-0-80DA3660,SQL-NET,proto_ref,defining RFC references,derived
IANA-UNNAMED-UDP-0-80DA3660,TCPMUX,proto_ref,defining RFC references,derived
IANA-UNNAMED-UDP-0-80DA3660,WHOISPP,proto_ref,defining RFC references,derived
IANA-UNNAMED-UDP-1023-18462DB1,ACMAINT-DBD,proto_ref,defining RFC references,derived
IANA-UNNAMED-UDP-1023-18462DB1,ACMAINT-TRANSD,proto_ref,defining RFC references,derived
IANA-UNNAMED-UDP-1023-18462DB1,CVC-HOSTD,proto_ref,defining RFC references,derived
IANA-UNNAMED-UDP-1023-18462DB1,DISCARD,proto_ref,defining RFC references,derived
IANA-UNNAMED-UDP-1023-18462DB1,EXP1,proto_ref,defining RFC references,derived
IANA-UNNAMED-UDP-1023-18462DB1,EXP2,proto_ref,defining RFC references,derived
IANA-UNNAMED-UDP-1023-18462DB1,FTP,proto_ref,defining RFC references,derived
IANA-UNNAMED-UDP-1023-18462DB1,IANA-UNNAMED-TCP-0-B9AB1A9E,proto_ref,defining RFC references,derived
IANA-UNNAMED-UDP-1023-18462DB1,IANA-UNNAMED-TCP-1023-B15027B5,proto_ref,defining RFC references,derived
IANA-UNNAMED-UDP-1023-18462DB1,IANA-UNNAMED-UDP-0-80DA3660,proto_ref,defining RFC references,derived
IANA-UNNAMED-UDP-1023-18462DB1,MDBS-DAEMON,proto_ref,defining RFC references,derived
IANA-UNNAMED-UDP-1023-18462DB1,OCS-AMU,proto_ref,defining RFC references,derived
IANA-UNNAMED-UDP-1023-18462DB1,OCS-CMU,proto_ref,defining RFC references,derived
IANA-UNNAMED-UDP-1023-18462DB1,SQL-NET,proto_ref,defining RFC references,derived
IANA-UNNAMED-UDP-1023-18462DB1,TCPMUX,proto_ref,defining RFC references,derived
IANA-UNNAMED-UDP-1023-18462DB1,WHOISPP,proto_ref,defining RFC references,derived
IANA-UNNAMED-UDP-143-3E2E5D4F,IMAP,proto_ref,defining RFC references,derived
IANA-UNNAMED-UDP-143-3E2E5D4F,IMAPS,proto_ref,defining RFC references,derived
IANA-UNNAMED-UDP-143-3E2E5D4F,POP3S,proto_ref,defining RFC references,derived
IANA-UNNAMED-UDP-143-3E2E5D4F,SUBMISSION,proto_ref,defining RFC references,derived
IANA-UNNAMED-UDP-143-3E2E5D4F,SUBMISSIONS,proto_ref,defining RFC references,derived
IANA-UNNAMED-UDP-35-B2C7AF37,ACMAINT-DBD,proto_ref,defining RFC references,derived
IANA-UNNAMED-UDP-35-B2C7AF37,ACMAINT-TRANSD,proto_ref,defining RFC references,derived
IANA-UNNAMED-UDP-35-B2C7AF37,CVC-HOSTD,proto_ref,defining RFC references,derived
IANA-UNNAMED-UDP-35-B2C7AF37,FTP,proto_ref,defining RFC references,derived
IANA-UNNAMED-UDP-35-B2C7AF37,IANA-UNNAMED-TCP-35-A8F88B2A,proto_ref,defining RFC references,derived
IANA-UNNAMED-UDP-35-B2C7AF37,MDBS-DAEMON,proto_ref,defining RFC references,derived
IANA-UNNAMED-UDP-35-B2C7AF37,OCS-AMU,proto_ref,defining RFC references,derived
IANA-UNNAMED-UDP-35-B2C7AF37,OCS-CMU,proto_ref,defining RFC references,derived
IANA-UNNAMED-UDP-35-B2C7AF37,PRINTER,proto_ref,defining RFC references,derived
IANA-UNNAMED-UDP-35-B2C7AF37,SQL-NET,proto_ref,defining RFC references,derived
IANA-UNNAMED-UDP-35-B2C7AF37,WHOISPP,proto_ref,defining RFC references,derived
IANA-UNNAMED-UDP-993-E79C333E,IMAP,proto_ref,defining RFC references,derived
IANA-UNNAMED-UDP-993-E79C333E,IMAPS,proto_ref,defining RFC references,derived
IANA-UNNAMED-UDP-993-E79C333E,POP3S,proto_ref,defining RFC references,derived
IANA-UNNAMED-UDP-993-E79C333E,SUBMISSION,proto_ref,defining RFC references,derived
IANA-UNNAMED-UDP-993-E79C333E,SUBMISSIONS,proto_ref,defining RFC references,derived
IDENT,ACMAINT-DBD,proto_ref,defining RFC references,derived
IDENT,ACMAINT-TRANSD,proto_ref,defining RFC references,derived
IDENT,MDBS-DAEMON,proto_ref,defining RFC references,derived
IDENT,SQL-NET,proto_ref,defining RFC references,derived
IDXP,TUNNEL,proto_ref,defining RFC references,derived
IMAP,ACAP,proto_ref,defining RFC references,derived
IMAP,IMAPS,proto_ref,defining RFC references,derived
IMAP,POP3S,proto_ref,defining RFC references,derived
IMAP,SUBMISSION,proto_ref,defining RFC references,derived
IMAP,SUBMISSIONS,proto_ref,defining RFC references,derived
IMAPS,ACAP,proto_ref,defining RFC references,derived
IMAPS,EXP1,proto_ref,defining RFC references,derived
IMAPS,EXP2,proto_ref,defining RFC references,derived
IMAPS,IANA-UNNAMED-TCP-0-B9AB1A9E,proto_ref,defining RFC references,derived
IMAPS,IANA-UNNAMED-TCP-1023-B15027B5,proto_ref,defining RFC references,derived
IMAPS,IANA-UNNAMED-UDP-0-80DA3660,proto_ref,defining RFC references,derived
IMAPS,IANA-UNNAMED-UDP-1023-18462DB1,proto_ref,defining RFC references,derived
IMAPS,IMAP,proto_ref,defining RFC references,derived
IMAPS,POP3,proto_ref,defining RFC references,derived
IMAPS,POP3S,proto_ref,defining RFC references,derived
IMAPS,SMTP,proto_ref,defining RFC references,derived
IMAPS,SUBMISSION,proto_ref,defining RFC references,derived
IMAPS,SUBMISSIONS,proto_ref,defining RFC references,derived
IPP,IANA-UNNAMED-TCP-35-A8F88B2A,proto_ref,defining RFC references,derived
IPP,IANA-UNNAMED-UDP-35-B2C7AF37,proto_ref,defining RFC references,derived
IPP,IPPS,proto_ref,defining RFC references,derived
IPP,PRINTER,proto_ref,defining RFC references,derived
IPPS,IANA-UNNAMED-TCP-35-A8F88B2A,proto_ref,defining RFC references,derived
IPPS,IANA-UNNAMED-UDP-35-B2C7AF37,proto_ref,defining RFC references,derived
IPPS,IPP,proto_ref,defining RFC references,derived
IPPS,PRINTER,proto_ref,defining RFC references,derived
IRIS-LWZ,IRIS-XPCS,proto_ref,defining RFC references,derived
IRIS-XPCS,IRIS-BEEP,proto_ref,defining RFC references,derived
ISAKMP,ACMAINT-DBD,proto_ref,defining RFC references,derived
ISAKMP,ACMAINT-TRANSD,proto_ref,defining RFC references,derived
ISAKMP,CVC-HOSTD,proto_ref,defining RFC references,derived
ISAKMP,MDBS-DAEMON,proto_ref,defining RFC references,derived
ISAKMP,OCS-AMU,proto_ref,defining RFC references,derived
ISAKMP,OCS-CMU,proto_ref,defining RFC references,derived
ISAKMP,SQL-NET,proto_ref,defining RFC references,derived
ISAKMP,WHOISPP,proto_ref,defining RFC references,derived
ISO-TSAP,ISO-TSAP-C2,proto_ref,defining RFC references,derived
ISO-TSAP-C2,ISO-TSAP,proto_ref,defining RFC references,derived
KINK,GDOI,proto_ref,defining RFC references,derived
KINK,ISAKMP,proto_ref,defining RFC references,derived
KINK,KERBEROS,proto_ref,defining RFC references,derived
LMP,ISAKMP,proto_ref,defining RFC references,derived
MDBS-DAEMON,ACMAINT-DBD,proto_ref,defining RFC references,derived
MDBS-DAEMON,ACMAINT-TRANSD,proto_ref,defining RFC references,derived
MDBS-DAEMON,BOOTPS,proto_ref,defining RFC references,derived
MDBS-DAEMON,CVC-HOSTD,proto_ref,defining RFC references,derived
MDBS-DAEMON,DOMAIN,proto_ref,defining RFC references,derived
MDBS-DAEMON,OCS-AMU,proto_ref,defining RFC references,derived
MDBS-DAEMON,OCS-CMU,proto_ref,defining RFC references,derived
MDBS-DAEMON,SMTP,proto_ref,defining RFC references,derived
MDBS-DAEMON,SNPP,proto_ref,defining RFC references,derived
MDBS-DAEMON,SQL-NET,proto_ref,defining RFC references,derived
MDBS-DAEMON,WHOISPP,proto_ref,defining RFC references,derived
MPP,FTP,proto_ref,defining RFC references,derived
NNSP,NNTP,proto_ref,defining RFC references,derived
NNSP,NNTPS,proto_ref,defining RFC references,derived
NNTP,NNSP,proto_ref,defining RFC references,derived
NNTP,NNTPS,proto_ref,defining RFC references,derived
NNTPS,NNSP,proto_ref,defining RFC references,derived
NNTPS,NNTP,proto_ref,defining RFC references,derived
OCS-AMU,ACMAINT-DBD,proto_ref,defining RFC references,derived
OCS-AMU,ACMAINT-TRANSD,proto_ref,defining RFC references,derived
OCS-AMU,BOOTPS,proto_ref,defining RFC references,derived
OCS-AMU,CVC-HOSTD,proto_ref,defining RFC references,derived
OCS-AMU,DOMAIN,proto_ref,defining RFC references,derived
OCS-AMU,MDBS-DAEMON,proto_ref,defining RFC references,derived
OCS-AMU,OCS-CMU,proto_ref,defining RFC references,derived
OCS-AMU,SMTP,proto_ref,defining RFC references,derived
OCS-AMU,SNPP,proto_ref,defining RFC references,derived
OCS-AMU,SQL-NET,proto_ref,defining RFC references,derived
OCS-AMU,WHOISPP,proto_ref,defining RFC references,derived
OCS-CMU,ACMAINT-DBD,proto_ref,defining RFC references,derived
OCS-CMU,ACMAINT-TRANSD,proto_ref,defining RFC references,derived
OCS-CMU,BOOTPS,proto_ref,defining RFC references,derived
OCS-CMU,CVC-HOSTD,proto_ref,defining RFC references,derived
OCS-CMU,DOMAIN,proto_ref,defining RFC references,derived
OCS-CMU,MDBS-DAEMON,proto_ref,defining RFC references,derived
OCS-CMU,OCS-AMU,proto_ref,defining RFC references,derived
OCS-CMU,SMTP,proto_ref,defining RFC references,derived
OCS-CMU,SNPP,proto_ref,defining RFC references,derived
OCS-CMU,SQL-NET,proto_ref,defining RFC references,derived
OCS-CMU,WHOISPP,proto_ref,defining RFC references,derived
OWAMP-TEST,EXP1,proto_ref,defining RFC references,derived
OWAMP-TEST,EXP2,proto_ref,defining RFC references,derived
OWAMP-TEST,IANA-UNNAMED-TCP-0-B9AB1A9E,proto_ref,defining RFC references,derived
OWAMP-TEST,IANA-UNNAMED-TCP-1023-B15027B5,proto_ref,defining RFC references,derived
OWAMP-TEST,IANA-UNNAMED-UDP-0-80DA3660,proto_ref,defining RFC references,derived
OWAMP-TEST,IANA-UNNAMED-UDP-1023-18462DB1,proto_ref,defining RFC references,derived
OWAMP-TEST,OWAMP-CONTROL,proto_ref,defining RFC references,derived
OWAMP-TEST,TWAMP-CONTROL,proto_ref,defining RFC references,derived
OWAMP-TEST,TWAMP-TEST,proto_ref,defining RFC references,derived
POP3S,EXP1,proto_ref,defining RFC references,derived
POP3S,EXP2,proto_ref,defining RFC references,derived
POP3S,IANA-UNNAMED-TCP-0-B9AB1A9E,proto_ref,defining RFC references,derived
POP3S,IANA-UNNAMED-TCP-1023-B15027B5,proto_ref,defining RFC references,derived
POP3S,IANA-UNNAMED-UDP-0-80DA3660,proto_ref,defining RFC references,derived
POP3S,IANA-UNNAMED-UDP-1023-18462DB1,proto_ref,defining RFC references,derived
POP3S,IMAP,proto_ref,defining RFC references,derived
POP3S,IMAPS,proto_ref,defining RFC references,derived
POP3S,POP3,proto_ref,defining RFC references,derived
POP3S,SMTP,proto_ref,defining RFC references,derived
POP3S,SUBMISSION,proto_ref,defining RFC references,derived
POP3S,SUBMISSIONS,proto_ref,defining RFC references,derived
PRINTER,ACMAINT-DBD,proto_ref,defining RFC references,derived
PRINTER,ACMAINT-TRANSD,proto_ref,defining RFC references,derived
PRINTER,CVC-HOSTD,proto_ref,defining RFC references,derived
PRINTER,FTP,proto_ref,defining RFC references,derived
PRINTER,IANA-UNNAMED-TCP-35-A8F88B2A,proto_ref,defining RFC references,derived
PRINTER,IANA-UNNAMED-UDP-35-B2C7AF37,proto_ref,defining RFC references,derived
PRINTER,MDBS-DAEMON,proto_ref,defining RFC references,derived
PRINTER,OCS-AMU,proto_ref,defining RFC references,derived
PRINTER,OCS-CMU,proto_ref,defining RFC references,derived
PRINTER,SQL-NET,proto_ref,defining RFC references,derived
PRINTER,WHOISPP,proto_ref,defining RFC references,derived
RIFT-LIES,NTP,proto_ref,defining RFC references,derived
RIFT-TIES,NTP,proto_ref,defining RFC references,derived
ROUTER,ACMAINT-DBD,proto_ref,defining RFC references,derived
ROUTER,ACMAINT-TRANSD,proto_ref,defining RFC references,derived
ROUTER,CVC-HOSTD,proto_ref,defining RFC references,derived
ROUTER,MDBS-DAEMON,proto_ref,defining RFC references,derived
ROUTER,OCS-AMU,proto_ref,defining RFC references,derived
ROUTER,OCS-CMU,proto_ref,defining RFC references,derived
ROUTER,SQL-NET,proto_ref,defining RFC references,derived
ROUTER,WHOISPP,proto_ref,defining RFC references,derived
RPKI-RTR,RPKI-RTR-TLS,proto_ref,defining RFC references,derived
RPKI-RTR-TLS,RPKI-RTR,proto_ref,defining RFC references,derived
SIFT-UFT,FTP,proto_ref,defining RFC references,derived
SMTP,DOMAIN,proto_ref,defining RFC references,derived
SMTP,FTP,proto_ref,defining RFC references,derived
SMTP,IMAP,proto_ref,defining RFC references,derived
SMTP,IMAPS,proto_ref,defining RFC references,derived
SMTP,POP2,proto_ref,defining RFC references,derived
SMTP,POP3,proto_ref,defining RFC references,derived
SQL-NET,ACMAINT-DBD,proto_ref,defining RFC references,derived
SQL-NET,ACMAINT-TRANSD,proto_ref,defining RFC references,derived
SQL-NET,BOOTPS,proto_ref,defining RFC references,derived
SQL-NET,CVC-HOSTD,proto_ref,defining RFC references,derived
SQL-NET,DOMAIN,proto_ref,defining RFC references,derived
SQL-NET,MDBS-DAEMON,proto_ref,defining RFC references,derived
SQL-NET,OCS-AMU,proto_ref,defining RFC references,derived
SQL-NET,OCS-CMU,proto_ref,defining RFC references,derived
SQL-NET,SMTP,proto_ref,defining RFC references,derived
SQL-NET,SNPP,proto_ref,defining RFC references,derived
SQL-NET,WHOISPP,proto_ref,defining RFC references,derived
SSH,KERBEROS,proto_ref,defining RFC references,derived
SSH,PHOTURIS,proto_ref,defining RFC references,derived
SSH,TELNET,proto_ref,defining RFC references,derived
SUBMISSION,IMAP,proto_ref,defining RFC references,derived
SUBMISSION,IMAPS,proto_ref,defining RFC references,derived
SUBMISSION,ODMR,proto_ref,defining RFC references,derived
SUBMISSION,POP3,proto_ref,defining RFC references,derived
SUBMISSION,SMTP,proto_ref,defining RFC references,derived
SUBMISSIONS,EXP1,proto_ref,defining RFC references,derived
SUBMISSIONS,EXP2,proto_ref,defining RFC references,derived
SUBMISSIONS,IANA-UNNAMED-TCP-0-B9AB1A9E,proto_ref,defining RFC references,derived
SUBMISSIONS,IANA-UNNAMED-TCP-1023-B15027B5,proto_ref,defining RFC references,derived
SUBMISSIONS,IANA-UNNAMED-UDP-0-80DA3660,proto_ref,defining RFC references,derived
SUBMISSIONS,IANA-UNNAMED-UDP-1023-18462DB1,proto_ref,defining RFC references,derived
SUBMISSIONS,IMAP,proto_ref,defining RFC references,derived
SUBMISSIONS,IMAPS,proto_ref,defining RFC references,derived
SUBMISSIONS,POP3,proto_ref,defining RFC references,derived
SUBMISSIONS,POP3S,proto_ref,defining RFC references,derived
SUBMISSIONS,SMTP,proto_ref,defining RFC references,derived
SUBMISSIONS,SUBMISSION,proto_ref,defining RFC references,derived
TACACS,KERBEROS,proto_ref,defining RFC references,derived
TACACS,TACACSS,proto_ref,defining RFC references,derived
TACACSS,TACACS,proto_ref,defining RFC references,derived
TBRPF,OLSR,proto_ref,defining RFC references,derived
TBRPF,ROUTER,proto_ref,defining RFC references,derived
TWAMP-CONTROL,OWAMP-CONTROL,proto_ref,defining RFC references,derived
TWAMP-TEST,EXP1,proto_ref,defining RFC references,derived
TWAMP-TEST,EXP2,proto_ref,defining RFC references,derived
TWAMP-TEST,IANA-UNNAMED-TCP-0-B9AB1A9E,proto_ref,defining RFC references,derived
TWAMP-TEST,IANA-UNNAMED-TCP-1023-B15027B5,proto_ref,defining RFC references,derived
TWAMP-TEST,IANA-UNNAMED-UDP-0-80DA3660,proto_ref,defining RFC references,derived
TWAMP-TEST,IANA-UNNAMED-UDP-1023-18462DB1,proto_ref,defining RFC references,derived
TWAMP-TEST,OWAMP-CONTROL,proto_ref,defining RFC references,derived
TWAMP-TEST,OWAMP-TEST,proto_ref,defining RFC references,derived
TWAMP-TEST,TWAMP-CONTROL,proto_ref,defining RFC references,derived
VEMMI,ACMAINT-DBD,proto_ref,defining RFC references,derived
VEMMI,ACMAINT-TRANSD,proto_ref,defining RFC references,derived
VEMMI,CVC-HOSTD,proto_ref,defining RFC references,derived
VEMMI,MDBS-DAEMON,proto_ref,defining RFC references,derived
VEMMI,OCS-AMU,proto_ref,defining RFC references,derived
VEMMI,OCS-CMU,proto_ref,defining RFC references,derived
VEMMI,SQL-NET,proto_ref,defining RFC references,derived
VEMMI,WHOISPP,proto_ref,defining RFC references,derived
WEBPUSH,EXP1,proto_ref,defining RFC references,derived
WEBPUSH,EXP2,proto_ref,defining RFC references,derived
WEBPUSH,IANA-UNNAMED-TCP-0-B9AB1A9E,proto_ref,defining RFC references,derived
WEBPUSH,IANA-UNNAMED-TCP-1023-B15027B5,proto_ref,defining RFC references,derived
WEBPUSH,IANA-UNNAMED-UDP-0-80DA3660,proto_ref,defining RFC references,derived
WEBPUSH,IANA-UNNAMED-UDP-1023-18462DB1,proto_ref,defining RFC references,derived
WHOISPP,ACMAINT-DBD,proto_ref,defining RFC references,derived
WHOISPP,ACMAINT-TRANSD,proto_ref,defining RFC references,derived
WHOISPP,BOOTPS,proto_ref,defining RFC references,derived
WHOISPP,CVC-HOSTD,proto_ref,defining RFC references,derived
WHOISPP,DOMAIN,proto_ref,defining RFC references,derived
WHOISPP,MDBS-DAEMON,proto_ref,defining RFC references,derived
WHOISPP,OCS-AMU,proto_ref,defining RFC references,derived
WHOISPP,OCS-CMU,proto_ref,defining RFC references,derived
WHOISPP,SMTP,proto_ref,defining RFC references,derived
WHOISPP,SNPP,proto_ref,defining RFC references,derived
WHOISPP,SQL-NET,proto_ref,defining RFC references,derived
WWW,NTP,proto_ref,defining RFC references,derived
WWW-HTTP,DOMAIN-S,proto_ref,defining RFC references,derived
Z39.50,ACMAINT-DBD,proto_ref,defining RFC references,derived
Z39.50,ACMAINT-TRANSD,proto_ref,defining RFC references,derived
Z39.50,CVC-HOSTD,proto_ref,defining RFC references,derived
Z39.50,MDBS-DAEMON,proto_ref,defining RFC references,derived
Z39.50,OCS-AMU,proto_ref,defining RFC references,derived
Z39.50,OCS-CMU,proto_ref,defining RFC references,derived
Z39.50,SQL-NET,proto_ref,defining RFC references,derived
Z39.50,WHOISPP,proto_ref,defining RFC references,derived
