Service Name,Port Number,Transport Protocol,Description,Datatracker title query,Assignee,IANA Reference,IANA RFC numbers (parsed),Datatracker RFC numbers,Datatracker RFC titles,Datatracker hits (JSON)
IANA-UNNAMED-TCP-0-B9AB1A9E,0,tcp,Reserved,,,[RFC6335],RFC6335,,,[]
IANA-UNNAMED-UDP-0-80DA3660,0,udp,Reserved,,,[RFC6335],RFC6335,,,[]
tcpmux,1,tcp,TCP Port Service Multiplexer,TCP Port Service Multiplexer,[Mark_Lottor],,,RFC1078,TCP port service Multiplexer (TCPMUX),"[{""rfc_number"": 1078, ""title"": ""TCP port service Multiplexer (TCPMUX)"", ""name"": ""rfc1078""}]"
tcpmux,1,udp,TCP Port Service Multiplexer,TCP Port Service Multiplexer,[Mark_Lottor],,,RFC1078,TCP port service Multiplexer (TCPMUX),"[{""rfc_number"": 1078, ""title"": ""TCP port service Multiplexer (TCPMUX)"", ""name"": ""rfc1078""}]"
rje,5,tcp,Remote Job Entry,Remote Job Entry,[Jon_Postel],,,RFC360,Proposed Remote Job Entry Protocol,"[{""rfc_number"": 360, ""title"": ""Proposed Remote Job Entry Protocol"", ""name"": ""rfc360""}]"
rje,5,udp,Remote Job Entry,Remote Job Entry,[Jon_Postel],,,RFC360,Proposed Remote Job Entry Protocol,"[{""rfc_number"": 360, ""title"": ""Proposed Remote Job Entry Protocol"", ""name"": ""rfc360""}]"
discard,9,tcp,Discard,Discard,[Jon_Postel],,,RFC863,Discard Protocol,"[{""rfc_number"": 863, ""title"": ""Discard Protocol"", ""name"": ""rfc863""}]"
discard,9,udp,Discard,Discard,[Jon_Postel],,,RFC863,Discard Protocol,"[{""rfc_number"": 863, ""title"": ""Discard Protocol"", ""name"": ""rfc863""}]"
discard,9,sctp,Discard,Discard,[Randall_Stewart],[RFC9260],RFC9260,RFC863,Discard Protocol,"[{""rfc_number"": 863, ""title"": ""Discard Protocol"", ""name"": ""rfc863""}]"
discard,9,dccp,Discard,Discard,[Eddie_Kohler],[RFC4340],RFC4340,RFC863,Discard Protocol,"[{""rfc_number"": 863, ""title"": ""Discard Protocol"", ""name"": ""rfc863""}]"
daytime,13,tcp,Daytime,Daytime,[Jon_Postel],[RFC867],RFC867,RFC867,Daytime Protocol,"[{""rfc_number"": 867, ""title"": ""Daytime Protocol"", ""name"": ""rfc867""}]"
daytime,13,udp,Daytime,Daytime,[Jon_Postel],[RFC867],RFC867,RFC867,Daytime Protocol,"[{""rfc_number"": 867, ""title"": ""Daytime Protocol"", ""name"": ""rfc867""}]"
qotd,17,tcp,Quote of the Day,Quote of the Day,[Jon_Postel],,,RFC865,Quote of the Day Protocol,"[{""rfc_number"": 865, ""title"": ""Quote of the Day Protocol"", ""name"": ""rfc865""}]"
qotd,17,udp,Quote of the Day,Quote of the Day,[Jon_Postel],,,RFC865,Quote of the Day Protocol,"[{""rfc_number"": 865, ""title"": ""Quote of the Day Protocol"", ""name"": ""rfc865""}]"
ftp-data,20,sctp,FTP,File Transfer [Default Data],[Randall_Stewart],[RFC9260],RFC9260,,,[]
ftp,21,tcp,File Transfer Protocol [Control],File Transfer Protocol [Control],[Jon_Postel],[RFC959],RFC959,RFC1415; RFC1068,FTP-FTAM Gateway Specification | Background File Transfer Program (BFTP),"[{""rfc_number"": 1415, ""title"": ""FTP-FTAM Gateway Specification"", ""name"": ""rfc1415""}, {""rfc_number"": 1068, ""title"": ""Background File Transfer Program (BFTP)"", ""name"": ""rfc1068""}]"
ftp,21,udp,File Transfer Protocol [Control],File Transfer Protocol [Control],[Jon_Postel],[RFC959],RFC959,RFC1415; RFC1068,FTP-FTAM Gateway Specification | Background File Transfer Program (BFTP),"[{""rfc_number"": 1415, ""title"": ""FTP-FTAM Gateway Specification"", ""name"": ""rfc1415""}, {""rfc_number"": 1068, ""title"": ""Background File Transfer Program (BFTP)"", ""name"": ""rfc1068""}]"
ftp,21,sctp,FTP,File Transfer Protocol [Control],[Randall_Stewart],[RFC9260],RFC9260,RFC1415; RFC1068,FTP-FTAM Gateway Specification | Background File Transfer Program (BFTP),"[{""rfc_number"": 1415, ""title"": ""FTP-FTAM Gateway Specification"", ""name"": ""rfc1415""}, {""rfc_number"": 1068, ""title"": ""Background File Transfer Program (BFTP)"", ""name"": ""rfc1068""}]"
ssh,22,tcp,The Secure Shell (SSH) Protocol,The Secure Shell (SSH) Protocol,,[RFC4251],RFC4251,RFC4253,The Secure Shell (SSH) Transport Layer Protocol,"[{""rfc_number"": 4253, ""title"": ""The Secure Shell (SSH) Transport Layer Protocol"", ""name"": ""rfc4253""}]"
ssh,22,udp,The Secure Shell (SSH) Protocol,The Secure Shell (SSH) Protocol,,[RFC4251],RFC4251,RFC4253,The Secure Shell (SSH) Transport Layer Protocol,"[{""rfc_number"": 4253, ""title"": ""The Secure Shell (SSH) Transport Layer Protocol"", ""name"": ""rfc4253""}]"
ssh,22,sctp,SSH,The Secure Shell (SSH) Protocol,[Randall_Stewart],[RFC9260],RFC9260,RFC4253,The Secure Shell (SSH) Transport Layer Protocol,"[{""rfc_number"": 4253, ""title"": ""The Secure Shell (SSH) Transport Layer Protocol"", ""name"": ""rfc4253""}]"
telnet,23,tcp,Telnet,Telnet,[Jon_Postel],[RFC854],RFC854,,,[]
telnet,23,udp,Telnet,Telnet,[Jon_Postel],[RFC854],RFC854,,,[]
smtp,25,tcp,Simple Mail Transfer,Simple Mail Transfer,[IESG],[RFC-ietf-emailcore-rfc5321bis-43],,RFC1653; RFC1652; RFC1651; RFC1427; RFC1426; RFC1425,SMTP Service Extension for Message Size Declaration | SMTP Service Extension for 8bit-MIMEtransport | SMTP Service Extensions | SMTP Service Extension for Message Size Declaration | SMTP Service Extension for 8bit-MIMEtransport | SMTP Service Extensions,"[{""rfc_number"": 1653, ""title"": ""SMTP Service Extension for Message Size Declaration"", ""name"": ""rfc1653""}, {""rfc_number"": 1652, ""title"": ""SMTP Service Extension for 8bit-MIMEtransport"", ""name"": ""rfc1652""}, {""rfc_number"": 1651, ""title"": ""SMTP Service Extensions"", ""name"": ""rfc1651""}, {""rfc_number"": 1427, ""title"": ""SMTP Service Extension for Message Size Declaration"", ""name"": ""rfc1427""}, {""rfc_number"": 1426, ""title"": ""SMTP Service Extension for 8bit-MIMEtransport"", ""name"": ""rfc1426""}, {""rfc_number"": 1425, ""title"": ""SMTP Service Extensions"", ""name"": ""rfc1425""}]"
smtp,25,udp,Simple Mail Transfer,Simple Mail Transfer,[IESG],[RFC-ietf-emailcore-rfc5321bis-43],,RFC1653; RFC1652; RFC1651; RFC1427; RFC1426; RFC1425,SMTP Service Extension for Message Size Declaration | SMTP Service Extension for 8bit-MIMEtransport | SMTP Service Extensions | SMTP Service Extension for Message Size Declaration | SMTP Service Extension for 8bit-MIMEtransport | SMTP Service Extensions,"[{""rfc_number"": 1653, ""title"": ""SMTP Service Extension for Message Size Declaration"", ""name"": ""rfc1653""}, {""rfc_number"": 1652, ""title"": ""SMTP Service Extension for 8bit-MIMEtransport"", ""name"": ""rfc1652""}, {""rfc_number"": 1651, ""title"": ""SMTP Service Extensions"", ""name"": ""rfc1651""}, {""rfc_number"": 1427, ""title"": ""SMTP Service Extension for Message Size Declaration"", ""name"": ""rfc1427""}, {""rfc_number"": 1426, ""title"": ""SMTP Service Extension for 8bit-MIMEtransport"", ""name"": ""rfc1426""}, {""rfc_number"": 1425, ""title"": ""SMTP Service Extensions"", ""name"": ""rfc1425""}]"
IANA-UNNAMED-TCP-35-A8F88B2A,35,tcp,any private printer server,any private printer server,[Jon_Postel],,,RFC3805; RFC1759,Printer MIB v2 | Printer MIB,"[{""rfc_number"": 3805, ""title"": ""Printer MIB v2"", ""name"": ""rfc3805""}, {""rfc_number"": 1759, ""title"": ""Printer MIB"", ""name"": ""rfc1759""}]"
nicname,43,tcp,Who Is,Who Is,,,,RFC954; RFC812,NICNAME/WHOIS | NICNAME/WHOIS,"[{""rfc_number"": 954, ""title"": ""NICNAME/WHOIS"", ""name"": ""rfc954""}, {""rfc_number"": 812, ""title"": ""NICNAME/WHOIS"", ""name"": ""rfc812""}]"
nicname,43,udp,Who Is,Who Is,,,,RFC954; RFC812,NICNAME/WHOIS | NICNAME/WHOIS,"[{""rfc_number"": 954, ""title"": ""NICNAME/WHOIS"", ""name"": ""rfc954""}, {""rfc_number"": 812, ""title"": ""NICNAME/WHOIS"", ""name"": ""rfc812""}]"
tacacs,49,tcp,Login Host Protocol (TACACS),Login Host Protocol (TACACS),[Pieter_Ditmars],,,RFC9887; RFC8907; RFC1492,"Terminal Access Controller Access-Control System Plus (TACACS+) over TLS 1.3 | The Terminal Access Controller Access-Control System Plus (TACACS+) Protocol | An Access Control Protocol, Sometimes Called TACACS","[{""rfc_number"": 9887, ""title"": ""Terminal Access Controller Access-Control System Plus (TACACS+) over TLS 1.3"", ""name"": ""rfc9887""}, {""rfc_number"": 8907, ""title"": ""The Terminal Access Controller Access-Control System Plus (TACACS+) Protocol"", ""name"": ""rfc8907""}, {""rfc_number"": 1492, ""title"": ""An Access Control Protocol, Sometimes Called TACACS"", ""name"": ""rfc1492""}]"
tacacs,49,udp,Login Host Protocol (TACACS),Login Host Protocol (TACACS),[Pieter_Ditmars],,,RFC9887; RFC8907; RFC1492,"Terminal Access Controller Access-Control System Plus (TACACS+) over TLS 1.3 | The Terminal Access Controller Access-Control System Plus (TACACS+) Protocol | An Access Control Protocol, Sometimes Called TACACS","[{""rfc_number"": 9887, ""title"": ""Terminal Access Controller Access-Control System Plus (TACACS+) over TLS 1.3"", ""name"": ""rfc9887""}, {""rfc_number"": 8907, ""title"": ""The Terminal Access Controller Access-Control System Plus (TACACS+) Protocol"", ""name"": ""rfc8907""}, {""rfc_number"": 1492, ""title"": ""An Access Control Protocol, Sometimes Called TACACS"", ""name"": ""rfc1492""}]"
domain,53,tcp,Domain Name Server,Domain Name Server,[Paul_Mockapetris],,,RFC1035,Domain names - implementation and specification,"[{""rfc_number"": 1035, ""title"": ""Domain names - implementation and specification"", ""name"": ""rfc1035""}]"
domain,53,udp,Domain Name Server,Domain Name Server,[Paul_Mockapetris],,,RFC1035,Domain names - implementation and specification,"[{""rfc_number"": 1035, ""title"": ""Domain names - implementation and specification"", ""name"": ""rfc1035""}]"
whoispp,63,tcp,"whois++
IANA assigned this well-formed service name as a replacement for ""whois++"".","whois++ IANA assigned this well-formed service name as a replacement for ""whois++"".",[Rickard_Schoultz],,,RFC1700,Assigned Numbers,"[{""rfc_number"": 1700, ""title"": ""Assigned Numbers"", ""name"": ""rfc1700""}]"
whois++,63,tcp,whois++,whois++,[Rickard_Schoultz],,,RFC1914; RFC1913,How to Interact with a Whois++ Mesh | Architecture of the Whois++ Index Service,"[{""rfc_number"": 1914, ""title"": ""How to Interact with a Whois++ Mesh"", ""name"": ""rfc1914""}, {""rfc_number"": 1913, ""title"": ""Architecture of the Whois++ Index Service"", ""name"": ""rfc1913""}]"
whoispp,63,udp,"whois++
IANA assigned this well-formed service name as a replacement for ""whois++"".","whois++ IANA assigned this well-formed service name as a replacement for ""whois++"".",[Rickard_Schoultz],,,RFC1700,Assigned Numbers,"[{""rfc_number"": 1700, ""title"": ""Assigned Numbers"", ""name"": ""rfc1700""}]"
whois++,63,udp,whois++,whois++,[Rickard_Schoultz],,,RFC1914; RFC1913,How to Interact with a Whois++ Mesh | Architecture of the Whois++ Index Service,"[{""rfc_number"": 1914, ""title"": ""How to Interact with a Whois++ Mesh"", ""name"": ""rfc1914""}, {""rfc_number"": 1913, ""title"": ""Architecture of the Whois++ Index Service"", ""name"": ""rfc1913""}]"
bootps,67,tcp,Bootstrap Protocol Server,Bootstrap Protocol Server,[Bill_Croft],[RFC951],RFC951,,,[]
gopher,70,tcp,Gopher,Gopher,[Mark_McCahill],,,RFC1436,The Internet Gopher Protocol (a distributed document search and retrieval protocol),"[{""rfc_number"": 1436, ""title"": ""The Internet Gopher Protocol (a distributed document search and retrieval protocol)"", ""name"": ""rfc1436""}]"
gopher,70,udp,Gopher,Gopher,[Mark_McCahill],,,RFC1436,The Internet Gopher Protocol (a distributed document search and retrieval protocol),"[{""rfc_number"": 1436, ""title"": ""The Internet Gopher Protocol (a distributed document search and retrieval protocol)"", ""name"": ""rfc1436""}]"
finger,79,tcp,Finger,Finger,[David_Zimmerman],,,RFC1288; RFC1196; RFC1194,The Finger User Information Protocol | Finger User Information Protocol | Finger User Information Protocol,"[{""rfc_number"": 1288, ""title"": ""The Finger User Information Protocol"", ""name"": ""rfc1288""}, {""rfc_number"": 1196, ""title"": ""Finger User Information Protocol"", ""name"": ""rfc1196""}, {""rfc_number"": 1194, ""title"": ""Finger User Information Protocol"", ""name"": ""rfc1194""}]"
finger,79,udp,Finger,Finger,[David_Zimmerman],,,RFC1288; RFC1196; RFC1194,The Finger User Information Protocol | Finger User Information Protocol | Finger User Information Protocol,"[{""rfc_number"": 1288, ""title"": ""The Finger User Information Protocol"", ""name"": ""rfc1288""}, {""rfc_number"": 1196, ""title"": ""Finger User Information Protocol"", ""name"": ""rfc1196""}, {""rfc_number"": 1194, ""title"": ""Finger User Information Protocol"", ""name"": ""rfc1194""}]"
http,80,tcp,World Wide Web HTTP,World Wide Web HTTP,[IESG],[RFC9110],RFC9110,RFC2068; RFC1945,Hypertext Transfer Protocol -- HTTP/1.1 | Hypertext Transfer Protocol -- HTTP/1.0,"[{""rfc_number"": 2068, ""title"": ""Hypertext Transfer Protocol -- HTTP/1.1"", ""name"": ""rfc2068""}, {""rfc_number"": 1945, ""title"": ""Hypertext Transfer Protocol -- HTTP/1.0"", ""name"": ""rfc1945""}]"
http,80,udp,World Wide Web HTTP,World Wide Web HTTP,[IESG],[RFC9110],RFC9110,RFC2068; RFC1945,Hypertext Transfer Protocol -- HTTP/1.1 | Hypertext Transfer Protocol -- HTTP/1.0,"[{""rfc_number"": 2068, ""title"": ""Hypertext Transfer Protocol -- HTTP/1.1"", ""name"": ""rfc2068""}, {""rfc_number"": 1945, ""title"": ""Hypertext Transfer Protocol -- HTTP/1.0"", ""name"": ""rfc1945""}]"
www,80,tcp,World Wide Web HTTP,World Wide Web HTTP,[IESG],[RFC9110],RFC9110,RFC9505; RFC6948; RFC2594,A Survey of Worldwide Censorship Techniques | Some Measurements on World IPv6 Day from an End-User Perspective | Definitions of Managed Objects for WWW Services,"[{""rfc_number"": 9505, ""title"": ""A Survey of Worldwide Censorship Techniques"", ""name"": ""rfc9505""}, {""rfc_number"": 6948, ""title"": ""Some Measurements on World IPv6 Day from an End-User Perspective"", ""name"": ""rfc6948""}, {""rfc_number"": 2594, ""title"": ""Definitions of Managed Objects for WWW Services"", ""name"": ""rfc2594""}]"
www,80,udp,World Wide Web HTTP,World Wide Web HTTP,[IESG],[RFC9110],RFC9110,RFC9505; RFC6948; RFC2594,A Survey of Worldwide Censorship Techniques | Some Measurements on World IPv6 Day from an End-User Perspective | Definitions of Managed Objects for WWW Services,"[{""rfc_number"": 9505, ""title"": ""A Survey of Worldwide Censorship Techniques"", ""name"": ""rfc9505""}, {""rfc_number"": 6948, ""title"": ""Some Measurements on World IPv6 Day from an End-User Perspective"", ""name"": ""rfc6948""}, {""rfc_number"": 2594, ""title"": ""Definitions of Managed Objects for WWW Services"", ""name"": ""rfc2594""}]"
www-http,80,tcp,World Wide Web HTTP,World Wide Web HTTP,[Tim_Berners_Lee],,,RFC2068,Hypertext Transfer Protocol -- HTTP/1.1,"[{""rfc_number"": 2068, ""title"": ""Hypertext Transfer Protocol -- HTTP/1.1"", ""name"": ""rfc2068""}]"
www-http,80,udp,World Wide Web HTTP,World Wide Web HTTP,[Tim_Berners_Lee],,,RFC2068,Hypertext Transfer Protocol -- HTTP/1.1,"[{""rfc_number"": 2068, ""title"": ""Hypertext Transfer Protocol -- HTTP/1.1"", ""name"": ""rfc2068""}]"
http,80,sctp,HTTP,World Wide Web HTTP,[Randall_Stewart],[RFC9260],RFC9260,RFC2068; RFC1945,Hypertext Transfer Protocol -- HTTP/1.1 | Hypertext Transfer Protocol -- HTTP/1.0,"[{""rfc_number"": 2068, ""title"": ""Hypertext Transfer Protocol -- HTTP/1.1"", ""name"": ""rfc2068""}, {""rfc_number"": 1945, ""title"": ""Hypertext Transfer Protocol -- HTTP/1.0"", ""name"": ""rfc1945""}]"
kerberos,88,tcp,Kerberos,Kerberos,[B_Clifford_Neuman],[RFC4120],RFC4120,RFC4120; RFC1510,The Kerberos Network Authentication Service (V5) | The Kerberos Network Authentication Service (V5),"[{""rfc_number"": 4120, ""title"": ""The Kerberos Network Authentication Service (V5)"", ""name"": ""rfc4120""}, {""rfc_number"": 1510, ""title"": ""The Kerberos Network Authentication Service (V5)"", ""name"": ""rfc1510""}]"
kerberos,88,udp,Kerberos,Kerberos,[B_Clifford_Neuman],[RFC4120],RFC4120,RFC4120; RFC1510,The Kerberos Network Authentication Service (V5) | The Kerberos Network Authentication Service (V5),"[{""rfc_number"": 4120, ""title"": ""The Kerberos Network Authentication Service (V5)"", ""name"": ""rfc4120""}, {""rfc_number"": 1510, ""title"": ""The Kerberos Network Authentication Service (V5)"", ""name"": ""rfc1510""}]"
hostname,101,tcp,NIC Host Name Server,NIC Host Name Server,[Jon_Postel],,,RFC953; RFC811,Hostname Server | Hostnames Server,"[{""rfc_number"": 953, ""title"": ""Hostname Server"", ""name"": ""rfc953""}, {""rfc_number"": 811, ""title"": ""Hostnames Server"", ""name"": ""rfc811""}]"
hostname,101,udp,NIC Host Name Server,NIC Host Name Server,[Jon_Postel],,,RFC953; RFC811,Hostname Server | Hostnames Server,"[{""rfc_number"": 953, ""title"": ""Hostname Server"", ""name"": ""rfc953""}, {""rfc_number"": 811, ""title"": ""Hostnames Server"", ""name"": ""rfc811""}]"
iso-tsap,102,tcp,ISO-TSAP Class 0,ISO-TSAP Class 0,[Marshall_Rose],,,RFC1859,ISO Transport Class 2 Non-use of Explicit Flow Control over TCP RFC1006 extension,"[{""rfc_number"": 1859, ""title"": ""ISO Transport Class 2 Non-use of Explicit Flow Control over TCP RFC1006 extension"", ""name"": ""rfc1859""}]"
iso-tsap,102,udp,ISO-TSAP Class 0,ISO-TSAP Class 0,[Marshall_Rose],,,RFC1859,ISO Transport Class 2 Non-use of Explicit Flow Control over TCP RFC1006 extension,"[{""rfc_number"": 1859, ""title"": ""ISO Transport Class 2 Non-use of Explicit Flow Control over TCP RFC1006 extension"", ""name"": ""rfc1859""}]"
cso,105,tcp,CCSO name server protocol,CCSO name server protocol,[Martin_Hamilton],,,RFC2378,The CCSO Nameserver (Ph) Architecture,"[{""rfc_number"": 2378, ""title"": ""The CCSO Nameserver (Ph) Architecture"", ""name"": ""rfc2378""}]"
cso,105,udp,CCSO name server protocol,CCSO name server protocol,[Martin_Hamilton],,,RFC2378,The CCSO Nameserver (Ph) Architecture,"[{""rfc_number"": 2378, ""title"": ""The CCSO Nameserver (Ph) Architecture"", ""name"": ""rfc2378""}]"
pop2,109,tcp,Post Office Protocol - Version 2,Post Office Protocol - Version 2,[Joyce_K_Reynolds],,,RFC937,Post Office Protocol: Version 2,"[{""rfc_number"": 937, ""title"": ""Post Office Protocol: Version 2"", ""name"": ""rfc937""}]"
pop2,109,udp,Post Office Protocol - Version 2,Post Office Protocol - Version 2,[Joyce_K_Reynolds],,,RFC937,Post Office Protocol: Version 2,"[{""rfc_number"": 937, ""title"": ""Post Office Protocol: Version 2"", ""name"": ""rfc937""}]"
pop3,110,tcp,Post Office Protocol - Version 3,Post Office Protocol - Version 3,[Marshall_Rose],,,RFC1939; RFC1725; RFC1460,Post Office Protocol - Version 3 | Post Office Protocol - Version 3 | Post Office Protocol - Version 3,"[{""rfc_number"": 1939, ""title"": ""Post Office Protocol - Version 3"", ""name"": ""rfc1939""}, {""rfc_number"": 1725, ""title"": ""Post Office Protocol - Version 3"", ""name"": ""rfc1725""}, {""rfc_number"": 1460, ""title"": ""Post Office Protocol - Version 3"", ""name"": ""rfc1460""}]"
pop3,110,udp,Post Office Protocol - Version 3,Post Office Protocol - Version 3,[Marshall_Rose],,,RFC1939; RFC1725; RFC1460,Post Office Protocol - Version 3 | Post Office Protocol - Version 3 | Post Office Protocol - Version 3,"[{""rfc_number"": 1939, ""title"": ""Post Office Protocol - Version 3"", ""name"": ""rfc1939""}, {""rfc_number"": 1725, ""title"": ""Post Office Protocol - Version 3"", ""name"": ""rfc1725""}, {""rfc_number"": 1460, ""title"": ""Post Office Protocol - Version 3"", ""name"": ""rfc1460""}]"
sunrpc,111,tcp,SUN Remote Procedure Call,SUN Remote Procedure Call,[Chuck_McManis],,,RFC1057; RFC1050,RPC: Remote Procedure Call Protocol specification: Version 2 | RPC: Remote Procedure Call Protocol specification,"[{""rfc_number"": 1057, ""title"": ""RPC: Remote Procedure Call Protocol specification: Version 2"", ""name"": ""rfc1057""}, {""rfc_number"": 1050, ""title"": ""RPC: Remote Procedure Call Protocol specification"", ""name"": ""rfc1050""}]"
sunrpc,111,udp,SUN Remote Procedure Call,SUN Remote Procedure Call,[Chuck_McManis],,,RFC1057; RFC1050,RPC: Remote Procedure Call Protocol specification: Version 2 | RPC: Remote Procedure Call Protocol specification,"[{""rfc_number"": 1057, ""title"": ""RPC: Remote Procedure Call Protocol specification: Version 2"", ""name"": ""rfc1057""}, {""rfc_number"": 1050, ""title"": ""RPC: Remote Procedure Call Protocol specification"", ""name"": ""rfc1050""}]"
ident,113,tcp,,ident,,,,RFC1413,Identification Protocol,"[{""rfc_number"": 1413, ""title"": ""Identification Protocol"", ""name"": ""rfc1413""}]"
nntp,119,tcp,Network News Transfer Protocol,Network News Transfer Protocol,[IESG],[RFC3977],RFC3977,RFC977,Network News Transfer Protocol,"[{""rfc_number"": 977, ""title"": ""Network News Transfer Protocol"", ""name"": ""rfc977""}]"
nntp,119,udp,Network News Transfer Protocol,Network News Transfer Protocol,[IESG],[RFC3977],RFC3977,RFC977,Network News Transfer Protocol,"[{""rfc_number"": 977, ""title"": ""Network News Transfer Protocol"", ""name"": ""rfc977""}]"
ntp,123,tcp,Network Time Protocol,Network Time Protocol,[Dave_Mills],[RFC5905],RFC5905,,,[]
ntp,123,udp,Network Time Protocol,Network Time Protocol,[Dave_Mills],[RFC5905],RFC5905,,,[]
imap,143,tcp,Internet Message Access Protocol,Internet Message Access Protocol,[IESG],[RFC3501][RFC9051],RFC3501 RFC9051,,,[]
IANA-UNNAMED-UDP-143-3E2E5D4F,143,udp,Reserved,,,[RFC9051],RFC9051,,,[]
iso-tp0,146,tcp,ISO-IP0,ISO-IP0,,,,RFC1086,ISO-TP0 bridge between TCP and X.25,"[{""rfc_number"": 1086, ""title"": ""ISO-TP0 bridge between TCP and X.25"", ""name"": ""rfc1086""}]"
iso-tp0,146,udp,ISO-IP0,ISO-IP0,,,,RFC1086,ISO-TP0 bridge between TCP and X.25,"[{""rfc_number"": 1086, ""title"": ""ISO-TP0 bridge between TCP and X.25"", ""name"": ""rfc1086""}]"
bftp,152,tcp,Background File Transfer Program,Background File Transfer Program,[Annette_DeSchon],,,RFC1068,Background File Transfer Program (BFTP),"[{""rfc_number"": 1068, ""title"": ""Background File Transfer Program (BFTP)"", ""name"": ""rfc1068""}]"
bftp,152,udp,Background File Transfer Program,Background File Transfer Program,[Annette_DeSchon],,,RFC1068,Background File Transfer Program (BFTP),"[{""rfc_number"": 1068, ""title"": ""Background File Transfer Program (BFTP)"", ""name"": ""rfc1068""}]"
snmp,161,tcp,SNMP,SNMP,,,,RFC1283; RFC1228; RFC1161; RFC1098,SNMP over OSI | SNMP-DPI: Simple Network Management Protocol Distributed Program Interface | SNMP over OSI | Simple Network Management Protocol (SNMP),"[{""rfc_number"": 1283, ""title"": ""SNMP over OSI"", ""name"": ""rfc1283""}, {""rfc_number"": 1228, ""title"": ""SNMP-DPI: Simple Network Management Protocol Distributed Program Interface"", ""name"": ""rfc1228""}, {""rfc_number"": 1161, ""title"": ""SNMP over OSI"", ""name"": ""rfc1161""}, {""rfc_number"": 1098, ""title"": ""Simple Network Management Protocol (SNMP)"", ""name"": ""rfc1098""}]"
snmp,161,udp,SNMP,SNMP,,,,RFC1283; RFC1228; RFC1161; RFC1098,SNMP over OSI | SNMP-DPI: Simple Network Management Protocol Distributed Program Interface | SNMP over OSI | Simple Network Management Protocol (SNMP),"[{""rfc_number"": 1283, ""title"": ""SNMP over OSI"", ""name"": ""rfc1283""}, {""rfc_number"": 1228, ""title"": ""SNMP-DPI: Simple Network Management Protocol Distributed Program Interface"", ""name"": ""rfc1228""}, {""rfc_number"": 1161, ""title"": ""SNMP over OSI"", ""name"": ""rfc1161""}, {""rfc_number"": 1098, ""title"": ""Simple Network Management Protocol (SNMP)"", ""name"": ""rfc1098""}]"
bgp,179,tcp,Border Gateway Protocol,Border Gateway Protocol,[Kirk_Lougheed],,,RFC9687,Border Gateway Protocol 4 (BGP-4) Send Hold Timer,"[{""rfc_number"": 9687, ""title"": ""Border Gateway Protocol 4 (BGP-4) Send Hold Timer"", ""name"": ""rfc9687""}]"
bgp,179,udp,Border Gateway Protocol,Border Gateway Protocol,[Kirk_Lougheed],,,RFC9687,Border Gateway Protocol 4 (BGP-4) Send Hold Timer,"[{""rfc_number"": 9687, ""title"": ""Border Gateway Protocol 4 (BGP-4) Send Hold Timer"", ""name"": ""rfc9687""}]"
bgp,179,sctp,BGP,Border Gateway Protocol,[Randall_Stewart],[RFC9260],RFC9260,RFC9687,Border Gateway Protocol 4 (BGP-4) Send Hold Timer,"[{""rfc_number"": 9687, ""title"": ""Border Gateway Protocol 4 (BGP-4) Send Hold Timer"", ""name"": ""rfc9687""}]"
z39-50,210,tcp,"ANSI Z39.50
IANA assigned this well-formed service name as a replacement for ""z39.50"".","ANSI Z39.50 IANA assigned this well-formed service name as a replacement for ""z39.50"".",[Mark_H_Needleman],,,RFC1700; RFC1340,Assigned Numbers | Assigned Numbers,"[{""rfc_number"": 1700, ""title"": ""Assigned Numbers"", ""name"": ""rfc1700""}, {""rfc_number"": 1340, ""title"": ""Assigned Numbers"", ""name"": ""rfc1340""}]"
z39.50,210,tcp,ANSI Z39.50,ANSI Z39.50,[Mark_H_Needleman],,,RFC1729,Using the Z39.50 Information Retrieval Protocol,"[{""rfc_number"": 1729, ""title"": ""Using the Z39.50 Information Retrieval Protocol"", ""name"": ""rfc1729""}]"
z39-50,210,udp,"ANSI Z39.50
IANA assigned this well-formed service name as a replacement for ""z39.50"".","ANSI Z39.50 IANA assigned this well-formed service name as a replacement for ""z39.50"".",[Mark_H_Needleman],,,RFC1700; RFC1340,Assigned Numbers | Assigned Numbers,"[{""rfc_number"": 1700, ""title"": ""Assigned Numbers"", ""name"": ""rfc1700""}, {""rfc_number"": 1340, ""title"": ""Assigned Numbers"", ""name"": ""rfc1340""}]"
z39.50,210,udp,ANSI Z39.50,ANSI Z39.50,[Mark_H_Needleman],,,RFC1729,Using the Z39.50 Information Retrieval Protocol,"[{""rfc_number"": 1729, ""title"": ""Using the Z39.50 Information Retrieval Protocol"", ""name"": ""rfc1729""}]"
ipx,213,tcp,IPX,IPX,[Don_Provan],,,RFC1234,Tunneling IPX traffic through IP networks,"[{""rfc_number"": 1234, ""title"": ""Tunneling IPX traffic through IP networks"", ""name"": ""rfc1234""}]"
ipx,213,udp,IPX,IPX,[Don_Provan],,,RFC1234,Tunneling IPX traffic through IP networks,"[{""rfc_number"": 1234, ""title"": ""Tunneling IPX traffic through IP networks"", ""name"": ""rfc1234""}]"
imap3,220,tcp,Interactive Mail Access Protocol v3,Interactive Mail Access Protocol v3,[James_Rice],,,RFC1203,Interactive Mail Access Protocol: Version 3,"[{""rfc_number"": 1203, ""title"": ""Interactive Mail Access Protocol: Version 3"", ""name"": ""rfc1203""}]"
imap3,220,udp,Interactive Mail Access Protocol v3,Interactive Mail Access Protocol v3,[James_Rice],,,RFC1203,Interactive Mail Access Protocol: Version 3,"[{""rfc_number"": 1203, ""title"": ""Interactive Mail Access Protocol: Version 3"", ""name"": ""rfc1203""}]"
esro-gen,259,tcp,Efficient Short Remote Operations,Efficient Short Remote Operations,[Mohsen_Banan],,,RFC2188,AT&T/Neda's Efficient Short Remote Operations (ESRO) Protocol Specification Version 1.2,"[{""rfc_number"": 2188, ""title"": ""AT&T/Neda's Efficient Short Remote Operations (ESRO) Protocol Specification Version 1.2"", ""name"": ""rfc2188""}]"
esro-gen,259,udp,Efficient Short Remote Operations,Efficient Short Remote Operations,[Mohsen_Banan],,,RFC2188,AT&T/Neda's Efficient Short Remote Operations (ESRO) Protocol Specification Version 1.2,"[{""rfc_number"": 2188, ""title"": ""AT&T/Neda's Efficient Short Remote Operations (ESRO) Protocol Specification Version 1.2"", ""name"": ""rfc2188""}]"
bgmp,264,tcp,BGMP,BGMP,[Dave_Thaler],,,RFC3913,Border Gateway Multicast Protocol (BGMP): Protocol Specification,"[{""rfc_number"": 3913, ""title"": ""Border Gateway Multicast Protocol (BGMP): Protocol Specification"", ""name"": ""rfc3913""}]"
bgmp,264,udp,BGMP,BGMP,[Dave_Thaler],,,RFC3913,Border Gateway Multicast Protocol (BGMP): Protocol Specification,"[{""rfc_number"": 3913, ""title"": ""Border Gateway Multicast Protocol (BGMP): Protocol Specification"", ""name"": ""rfc3913""}]"
manet,269,tcp,MANET Protocols,MANET Protocols,,[RFC5498],RFC5498,,,[]
manet,269,udp,MANET Protocols,MANET Protocols,,[RFC5498],RFC5498,,,[]
gist,270,udp,Q-mode encapsulation for GIST messages,Q-mode encapsulation for GIST messages,,[RFC5971],RFC5971,,,[]
pt-tls,271,tcp,IETF Network Endpoint Assessment (NEA) Posture Transport Protocol over TLS (PT-TLS),IETF Network Endpoint Assessment (NEA) Posture Transport Protocol over TLS (PT-TLS),[IESG],[RFC6876],RFC6876,RFC6876,A Posture Transport Protocol over TLS (PT-TLS),"[{""rfc_number"": 6876, ""title"": ""A Posture Transport Protocol over TLS (PT-TLS)"", ""name"": ""rfc6876""}]"
tacacss,300,tcp,TLS Secure Login Host Protocol (TACACSS),TLS Secure Login Host Protocol (TACACSS),[IESG],[RFC9887],RFC9887,,,[]
rpki-rtr,323,tcp,Resource PKI to Router Protocol,Resource PKI to Router Protocol,[IESG],[RFC6810],RFC6810,,,[]
rpki-rtr-tls,324,tcp,Resource PKI to Router Protocol over TLS,Resource PKI to Router Protocol over TLS,[IESG],[RFC6810],RFC6810,,,[]
matip-type-a,350,tcp,MATIP Type A,MATIP Type A,[Alain_Robert],[RFC2351],RFC2351,,,[]
matip-type-a,350,udp,MATIP Type A,MATIP Type A,[Alain_Robert],[RFC2351],RFC2351,,,[]
matip-type-b,351,tcp,MATIP Type B,MATIP Type B,[Alain_Robert],[RFC2351],RFC2351,,,[]
matip-type-b,351,udp,MATIP Type B,MATIP Type B,[Alain_Robert],[RFC2351],RFC2351,,,[]
odmr,366,tcp,ODMR,ODMR,[Randall_Gellens],,,RFC2645,ON-DEMAND MAIL RELAY (ODMR) SMTP with Dynamic IP Addresses,"[{""rfc_number"": 2645, ""title"": ""ON-DEMAND MAIL RELAY (ODMR) SMTP with Dynamic IP Addresses"", ""name"": ""rfc2645""}]"
odmr,366,udp,ODMR,ODMR,[Randall_Gellens],,,RFC2645,ON-DEMAND MAIL RELAY (ODMR) SMTP with Dynamic IP Addresses,"[{""rfc_number"": 2645, ""title"": ""ON-DEMAND MAIL RELAY (ODMR) SMTP with Dynamic IP Addresses"", ""name"": ""rfc2645""}]"
aurp,387,tcp,Appletalk Update-Based Routing Pro.,Appletalk Update-Based Routing Pro.,[Chris_Ranch],,,RFC1504,Appletalk Update-Based Routing Protocol: Enhanced Appletalk Routing,"[{""rfc_number"": 1504, ""title"": ""Appletalk Update-Based Routing Protocol: Enhanced Appletalk Routing"", ""name"": ""rfc1504""}]"
aurp,387,udp,Appletalk Update-Based Routing Pro.,Appletalk Update-Based Routing Pro.,[Chris_Ranch],,,RFC1504,Appletalk Update-Based Routing Protocol: Enhanced Appletalk Routing,"[{""rfc_number"": 1504, ""title"": ""Appletalk Update-Based Routing Protocol: Enhanced Appletalk Routing"", ""name"": ""rfc1504""}]"
ldap,389,tcp,Lightweight Directory Access Protocol,Lightweight Directory Access Protocol,[Tim_Howes],,,RFC1487,X.500 Lightweight Directory Access Protocol,"[{""rfc_number"": 1487, ""title"": ""X.500 Lightweight Directory Access Protocol"", ""name"": ""rfc1487""}]"
ldap,389,udp,Lightweight Directory Access Protocol,Lightweight Directory Access Protocol,[Tim_Howes],,,RFC1487,X.500 Lightweight Directory Access Protocol,"[{""rfc_number"": 1487, ""title"": ""X.500 Lightweight Directory Access Protocol"", ""name"": ""rfc1487""}]"
iso-tsap-c2,399,tcp,ISO Transport Class 2 Non-Control over TCP,ISO Transport Class 2 Non-Control over TCP,[Yanick_Pouffary],,,RFC1859,ISO Transport Class 2 Non-use of Explicit Flow Control over TCP RFC1006 extension,"[{""rfc_number"": 1859, ""title"": ""ISO Transport Class 2 Non-use of Explicit Flow Control over TCP RFC1006 extension"", ""name"": ""rfc1859""}]"
iso-tsap-c2,399,udp,ISO Transport Class 2 Non-Control over UDP,ISO Transport Class 2 Non-Control over TCP,[Yanick_Pouffary],,,RFC1859,ISO Transport Class 2 Non-use of Explicit Flow Control over TCP RFC1006 extension,"[{""rfc_number"": 1859, ""title"": ""ISO Transport Class 2 Non-use of Explicit Flow Control over TCP RFC1006 extension"", ""name"": ""rfc1859""}]"
ocs-cmu,428,tcp,"OCS_CMU
IANA assigned this well-formed service name as a replacement for ""ocs_cmu"".","OCS_CMU IANA assigned this well-formed service name as a replacement for ""ocs_cmu"".",,,,RFC1700,Assigned Numbers,"[{""rfc_number"": 1700, ""title"": ""Assigned Numbers"", ""name"": ""rfc1700""}]"
ocs-cmu,428,udp,"OCS_CMU
IANA assigned this well-formed service name as a replacement for ""ocs_cmu"".","OCS_CMU IANA assigned this well-formed service name as a replacement for ""ocs_cmu"".",,,,RFC1700,Assigned Numbers,"[{""rfc_number"": 1700, ""title"": ""Assigned Numbers"", ""name"": ""rfc1700""}]"
ocs-amu,429,tcp,"OCS_AMU
IANA assigned this well-formed service name as a replacement for ""ocs_amu"".","OCS_AMU IANA assigned this well-formed service name as a replacement for ""ocs_amu"".",[Florence_Wyman],,,RFC1700,Assigned Numbers,"[{""rfc_number"": 1700, ""title"": ""Assigned Numbers"", ""name"": ""rfc1700""}]"
ocs-amu,429,udp,"OCS_AMU
IANA assigned this well-formed service name as a replacement for ""ocs_amu"".","OCS_AMU IANA assigned this well-formed service name as a replacement for ""ocs_amu"".",[Florence_Wyman],,,RFC1700,Assigned Numbers,"[{""rfc_number"": 1700, ""title"": ""Assigned Numbers"", ""name"": ""rfc1700""}]"
nnsp,433,tcp,NNTP for transit servers (NNSP),NNTP for transit servers (NNSP),[IESG],[RFC3977],RFC3977,,,[]
nnsp,433,udp,NNTP for transit servers (NNSP),NNTP for transit servers (NNSP),[IESG],[RFC3977],RFC3977,,,[]
cvc-hostd,442,tcp,"cvc_hostd
IANA assigned this well-formed service name as a replacement for ""cvc_hostd"".","cvc_hostd IANA assigned this well-formed service name as a replacement for ""cvc_hostd"".",[Bill_Davidson],,,RFC1700,Assigned Numbers,"[{""rfc_number"": 1700, ""title"": ""Assigned Numbers"", ""name"": ""rfc1700""}]"
cvc-hostd,442,udp,"cvc_hostd
IANA assigned this well-formed service name as a replacement for ""cvc_hostd"".","cvc_hostd IANA assigned this well-formed service name as a replacement for ""cvc_hostd"".",[Bill_Davidson],,,RFC1700,Assigned Numbers,"[{""rfc_number"": 1700, ""title"": ""Assigned Numbers"", ""name"": ""rfc1700""}]"
https,443,tcp,http protocol over TLS/SSL,http protocol over TLS/SSL,[IESG],[RFC9110],RFC9110,RFC9460; RFC8484,Service Binding and Parameter Specification via the DNS (SVCB and HTTPS Resource Records) | DNS Queries over HTTPS (DoH),"[{""rfc_number"": 9460, ""title"": ""Service Binding and Parameter Specification via the DNS (SVCB and HTTPS Resource Records)"", ""name"": ""rfc9460""}, {""rfc_number"": 8484, ""title"": ""DNS Queries over HTTPS (DoH)"", ""name"": ""rfc8484""}]"
https,443,udp,http protocol over TLS/SSL,http protocol over TLS/SSL,[IESG],[RFC9110],RFC9110,RFC9460; RFC8484,Service Binding and Parameter Specification via the DNS (SVCB and HTTPS Resource Records) | DNS Queries over HTTPS (DoH),"[{""rfc_number"": 9460, ""title"": ""Service Binding and Parameter Specification via the DNS (SVCB and HTTPS Resource Records)"", ""name"": ""rfc9460""}, {""rfc_number"": 8484, ""title"": ""DNS Queries over HTTPS (DoH)"", ""name"": ""rfc8484""}]"
https,443,sctp,HTTPS,http protocol over TLS/SSL,[Randall_Stewart],[RFC9260],RFC9260,RFC9460; RFC8484,Service Binding and Parameter Specification via the DNS (SVCB and HTTPS Resource Records) | DNS Queries over HTTPS (DoH),"[{""rfc_number"": 9460, ""title"": ""Service Binding and Parameter Specification via the DNS (SVCB and HTTPS Resource Records)"", ""name"": ""rfc9460""}, {""rfc_number"": 8484, ""title"": ""DNS Queries over HTTPS (DoH)"", ""name"": ""rfc8484""}]"
snpp,444,tcp,Simple Network Paging Protocol,Simple Network Paging Protocol,,[RFC1568],RFC1568,,,[]
snpp,444,udp,Simple Network Paging Protocol,Simple Network Paging Protocol,,[RFC1568],RFC1568,,,[]
submissions,465,tcp,Message Submission over TLS protocol,Message Submission over TLS protocol,[IESG],[RFC8314],RFC8314,,,[]
photuris,468,tcp,proturis,proturis,[Bill_Simpson_2],,,RFC2522,Photuris: Session-Key Management Protocol,"[{""rfc_number"": 2522, ""title"": ""Photuris: Session-Key Management Protocol"", ""name"": ""rfc2522""}]"
photuris,468,udp,proturis,proturis,[Bill_Simpson_2],,,RFC2522,Photuris: Session-Key Management Protocol,"[{""rfc_number"": 2522, ""title"": ""Photuris: Session-Key Management Protocol"", ""name"": ""rfc2522""}]"
isakmp,500,tcp,isakmp,isakmp,[Mark_Schertler],,,RFC2408; RFC2407,Internet Security Association and Key Management Protocol (ISAKMP) | The Internet IP Security Domain of Interpretation for ISAKMP,"[{""rfc_number"": 2408, ""title"": ""Internet Security Association and Key Management Protocol (ISAKMP)"", ""name"": ""rfc2408""}, {""rfc_number"": 2407, ""title"": ""The Internet IP Security Domain of Interpretation for ISAKMP"", ""name"": ""rfc2407""}]"
isakmp,500,udp,isakmp,isakmp,[Mark_Schertler],,,RFC2408; RFC2407,Internet Security Association and Key Management Protocol (ISAKMP) | The Internet IP Security Domain of Interpretation for ISAKMP,"[{""rfc_number"": 2408, ""title"": ""Internet Security Association and Key Management Protocol (ISAKMP)"", ""name"": ""rfc2408""}, {""rfc_number"": 2407, ""title"": ""The Internet IP Security Domain of Interpretation for ISAKMP"", ""name"": ""rfc2407""}]"
syslog,514,udp,,syslog,,[RFC5426],RFC5426,RFC6587; RFC5426; RFC3195; RFC3164,Transmission of Syslog Messages over TCP | Transmission of Syslog Messages over UDP | Reliable Delivery for syslog | The BSD Syslog Protocol,"[{""rfc_number"": 6587, ""title"": ""Transmission of Syslog Messages over TCP"", ""name"": ""rfc6587""}, {""rfc_number"": 5426, ""title"": ""Transmission of Syslog Messages over UDP"", ""name"": ""rfc5426""}, {""rfc_number"": 3195, ""title"": ""Reliable Delivery for syslog"", ""name"": ""rfc3195""}, {""rfc_number"": 3164, ""title"": ""The BSD Syslog Protocol"", ""name"": ""rfc3164""}]"
printer,515,tcp,spooler,spooler,,,,RFC3805; RFC1759,Printer MIB v2 | Printer MIB,"[{""rfc_number"": 3805, ""title"": ""Printer MIB v2"", ""name"": ""rfc3805""}, {""rfc_number"": 1759, ""title"": ""Printer MIB"", ""name"": ""rfc1759""}]"
printer,515,udp,spooler,spooler,,,,RFC3805; RFC1759,Printer MIB v2 | Printer MIB,"[{""rfc_number"": 3805, ""title"": ""Printer MIB v2"", ""name"": ""rfc3805""}, {""rfc_number"": 1759, ""title"": ""Printer MIB"", ""name"": ""rfc1759""}]"
router,520,udp,local routing process (on site); uses variant of Xerox NS routing information protocol - RIP,local routing process (on site); uses variant of Xerox NS routing information protocol - RIP,,,,RFC1812; RFC1716,Requirements for IP Version 4 Routers | Towards Requirements for IP Routers,"[{""rfc_number"": 1812, ""title"": ""Requirements for IP Version 4 Routers"", ""name"": ""rfc1812""}, {""rfc_number"": 1716, ""title"": ""Towards Requirements for IP Routers"", ""name"": ""rfc1716""}]"
ripng,521,tcp,ripng,ripng,[Robert_E_Minnear],,,RFC2080,RIPng for IPv6,"[{""rfc_number"": 2080, ""title"": ""RIPng for IPv6"", ""name"": ""rfc2080""}]"
ripng,521,udp,ripng,ripng,[Robert_E_Minnear],,,RFC2080,RIPng for IPv6,"[{""rfc_number"": 2080, ""title"": ""RIPng for IPv6"", ""name"": ""rfc2080""}]"
dhcpv6-client,546,udp,DHCPv6 Client,DHCPv6 Client,[IESG],[RFC9915],RFC9915,,,[]
dhcpv6-server,547,tcp,DHCPv6 Server,DHCPv6 Server,[IESG],[RFC5460],RFC5460,,,[]
dhcpv6-server,547,udp,DHCPv6 Server,DHCPv6 Server,[IESG],[RFC9915],RFC9915,,,[]
cybercash,551,tcp,cybercash,cybercash,[Donald_E_Eastlake],[RFC1898],RFC1898,,,[]
cybercash,551,udp,cybercash,cybercash,[Donald_E_Eastlake],[RFC1898],RFC1898,,,[]
nntps,563,tcp,nntp protocol over TLS/SSL (was snntp),nntp protocol over TLS/SSL (was snntp),[IESG],[RFC4642],RFC4642,,,[]
nntps,563,udp,nntp protocol over TLS/SSL (was snntp),nntp protocol over TLS/SSL (was snntp),[IESG],[RFC4642],RFC4642,,,[]
vemmi,575,tcp,VEMMI,VEMMI,[Daniel_Mavrakis_2],,,RFC2122,VEMMI URL Specification,"[{""rfc_number"": 2122, ""title"": ""VEMMI URL Specification"", ""name"": ""rfc2122""}]"
vemmi,575,udp,VEMMI,VEMMI,[Daniel_Mavrakis_2],,,RFC2122,VEMMI URL Specification,"[{""rfc_number"": 2122, ""title"": ""VEMMI URL Specification"", ""name"": ""rfc2122""}]"
bdp,581,tcp,Bundle Discovery Protocol,Bundle Discovery Protocol,[Gary_Malkin],,,RFC2701,Nortel Networks Multi-link Multi-node PPP Bundle Discovery Protocol,"[{""rfc_number"": 2701, ""title"": ""Nortel Networks Multi-link Multi-node PPP Bundle Discovery Protocol"", ""name"": ""rfc2701""}]"
bdp,581,udp,Bundle Discovery Protocol,Bundle Discovery Protocol,[Gary_Malkin],,,RFC2701,Nortel Networks Multi-link Multi-node PPP Bundle Discovery Protocol,"[{""rfc_number"": 2701, ""title"": ""Nortel Networks Multi-link Multi-node PPP Bundle Discovery Protocol"", ""name"": ""rfc2701""}]"
submission,587,tcp,Message Submission,Message Submission,,[RFC6409],RFC6409,RFC6409; RFC4468; RFC4409; RFC2476,Message Submission for Mail | Message Submission BURL Extension | Message Submission for Mail | Message Submission,"[{""rfc_number"": 6409, ""title"": ""Message Submission for Mail"", ""name"": ""rfc6409""}, {""rfc_number"": 4468, ""title"": ""Message Submission BURL Extension"", ""name"": ""rfc4468""}, {""rfc_number"": 4409, ""title"": ""Message Submission for Mail"", ""name"": ""rfc4409""}, {""rfc_number"": 2476, ""title"": ""Message Submission"", ""name"": ""rfc2476""}]"
submission,587,udp,Message Submission,Message Submission,,[RFC6409],RFC6409,RFC6409; RFC4468; RFC4409; RFC2476,Message Submission for Mail | Message Submission BURL Extension | Message Submission for Mail | Message Submission,"[{""rfc_number"": 6409, ""title"": ""Message Submission for Mail"", ""name"": ""rfc6409""}, {""rfc_number"": 4468, ""title"": ""Message Submission BURL Extension"", ""name"": ""rfc4468""}, {""rfc_number"": 4409, ""title"": ""Message Submission for Mail"", ""name"": ""rfc4409""}, {""rfc_number"": 2476, ""title"": ""Message Submission"", ""name"": ""rfc2476""}]"
syslog-conn,601,tcp,Reliable Syslog Service,Reliable Syslog Service,,[RFC3195],RFC3195,,,[]
syslog-conn,601,udp,Reliable Syslog Service,Reliable Syslog Service,,[RFC3195],RFC3195,,,[]
xmlrpc-beep,602,tcp,XML-RPC over BEEP,XML-RPC over BEEP,,[RFC3529],RFC3529,,,[]
xmlrpc-beep,602,udp,XML-RPC over BEEP,XML-RPC over BEEP,,[RFC3529],RFC3529,,,[]
idxp,603,tcp,IDXP,IDXP,,[RFC4767],RFC4767,,,[]
idxp,603,udp,IDXP,IDXP,,[RFC4767],RFC4767,,,[]
tunnel,604,tcp,TUNNEL,TUNNEL,,[RFC3620],RFC3620,,,[]
tunnel,604,udp,TUNNEL,TUNNEL,,[RFC3620],RFC3620,,,[]
soap-beep,605,tcp,SOAP over BEEP,SOAP over BEEP,,[RFC4227],RFC4227,,,[]
soap-beep,605,udp,SOAP over BEEP,SOAP over BEEP,,[RFC4227],RFC4227,,,[]
sift-uft,608,tcp,Sender-Initiated/Unsolicited File Transfer,Sender-Initiated/Unsolicited File Transfer,[Rick_Troth],,,RFC1440,SIFT/UFT: Sender-Initiated/Unsolicited File Transfer,"[{""rfc_number"": 1440, ""title"": ""SIFT/UFT: Sender-Initiated/Unsolicited File Transfer"", ""name"": ""rfc1440""}]"
sift-uft,608,udp,Sender-Initiated/Unsolicited File Transfer,Sender-Initiated/Unsolicited File Transfer,[Rick_Troth],,,RFC1440,SIFT/UFT: Sender-Initiated/Unsolicited File Transfer,"[{""rfc_number"": 1440, ""title"": ""SIFT/UFT: Sender-Initiated/Unsolicited File Transfer"", ""name"": ""rfc1440""}]"
ipp,631,tcp,IPP (Internet Printing Protocol),IPP (Internet Printing Protocol),[IESG],[RFC8011],RFC8011,,,[]
ipp,631,udp,IPP (Internet Printing Protocol),IPP (Internet Printing Protocol),[IESG],[RFC8011],RFC8011,,,[]
ipps,631,tcp,Internet Printing Protocol over HTTPS,Internet Printing Protocol over HTTPS,[IESG],[RFC8011],RFC8011,RFC7472; RFC2910,Internet Printing Protocol (IPP) over HTTPS Transport Binding and the 'ipps' URI Scheme | Internet Printing Protocol/1.1: Encoding and Transport,"[{""rfc_number"": 7472, ""title"": ""Internet Printing Protocol (IPP) over HTTPS Transport Binding and the 'ipps' URI Scheme"", ""name"": ""rfc7472""}, {""rfc_number"": 2910, ""title"": ""Internet Printing Protocol/1.1: Encoding and Transport"", ""name"": ""rfc2910""}]"
msdp,639,tcp,MSDP,MSDP,[Dino_Farinacci],,,RFC3618,Multicast Source Discovery Protocol (MSDP),"[{""rfc_number"": 3618, ""title"": ""Multicast Source Discovery Protocol (MSDP)"", ""name"": ""rfc3618""}]"
msdp,639,udp,MSDP,MSDP,[Dino_Farinacci],,,RFC3618,Multicast Source Discovery Protocol (MSDP),"[{""rfc_number"": 3618, ""title"": ""Multicast Source Discovery Protocol (MSDP)"", ""name"": ""rfc3618""}]"
dhcp-failover,647,tcp,DHCP Failover,DHCP Failover,[IESG],[RFC8156],RFC8156,RFC8156,DHCPv6 Failover Protocol,"[{""rfc_number"": 8156, ""title"": ""DHCPv6 Failover Protocol"", ""name"": ""rfc8156""}]"
dhcp-failover,647,udp,DHCP Failover,DHCP Failover,[Bernard_Volz],,,RFC8156,DHCPv6 Failover Protocol,"[{""rfc_number"": 8156, ""title"": ""DHCPv6 Failover Protocol"", ""name"": ""rfc8156""}]"
aodv,654,tcp,AODV,AODV,[Charles_Perkins],,,RFC3561,Ad hoc On-Demand Distance Vector (AODV) Routing,"[{""rfc_number"": 3561, ""title"": ""Ad hoc On-Demand Distance Vector (AODV) Routing"", ""name"": ""rfc3561""}]"
aodv,654,udp,AODV,AODV,[Charles_Perkins],,,RFC3561,Ad hoc On-Demand Distance Vector (AODV) Routing,"[{""rfc_number"": 3561, ""title"": ""Ad hoc On-Demand Distance Vector (AODV) Routing"", ""name"": ""rfc3561""}]"
acap,674,tcp,ACAP,ACAP,[Chris_Newman],,,RFC2244,ACAP -- Application Configuration Access Protocol,"[{""rfc_number"": 2244, ""title"": ""ACAP -- Application Configuration Access Protocol"", ""name"": ""rfc2244""}]"
acap,674,udp,ACAP,ACAP,[Chris_Newman],,,RFC2244,ACAP -- Application Configuration Access Protocol,"[{""rfc_number"": 2244, ""title"": ""ACAP -- Application Configuration Access Protocol"", ""name"": ""rfc2244""}]"
olsr,698,tcp,OLSR,OLSR,[Thomas_Clausen],,,RFC3626,Optimized Link State Routing Protocol (OLSR),"[{""rfc_number"": 3626, ""title"": ""Optimized Link State Routing Protocol (OLSR)"", ""name"": ""rfc3626""}]"
olsr,698,udp,OLSR,OLSR,[Thomas_Clausen],,,RFC3626,Optimized Link State Routing Protocol (OLSR),"[{""rfc_number"": 3626, ""title"": ""Optimized Link State Routing Protocol (OLSR)"", ""name"": ""rfc3626""}]"
epp,700,tcp,Extensible Provisioning Protocol,Extensible Provisioning Protocol,,[RFC5734],RFC5734,RFC3734,Extensible Provisioning Protocol (EPP) Transport Over TCP,"[{""rfc_number"": 3734, ""title"": ""Extensible Provisioning Protocol (EPP) Transport Over TCP"", ""name"": ""rfc3734""}]"
epp,700,udp,Extensible Provisioning Protocol,Extensible Provisioning Protocol,,[RFC5734],RFC5734,RFC3734,Extensible Provisioning Protocol (EPP) Transport Over TCP,"[{""rfc_number"": 3734, ""title"": ""Extensible Provisioning Protocol (EPP) Transport Over TCP"", ""name"": ""rfc3734""}]"
lmp,701,tcp,Link Management Protocol (LMP),Link Management Protocol (LMP),,[RFC4204],RFC4204,,,[]
lmp,701,udp,Link Management Protocol (LMP),Link Management Protocol (LMP),,[RFC4204],RFC4204,,,[]
iris-beep,702,tcp,IRIS over BEEP,IRIS over BEEP,,[RFC3983],RFC3983,,,[]
iris-beep,702,udp,IRIS over BEEP,IRIS over BEEP,,[RFC3983],RFC3983,,,[]
agentx,705,tcp,AgentX,AgentX,[Bob_Natale],,,RFC2741; RFC2257,Agent Extensibility (AgentX) Protocol Version 1 | Agent Extensibility (AgentX) Protocol Version 1,"[{""rfc_number"": 2741, ""title"": ""Agent Extensibility (AgentX) Protocol Version 1"", ""name"": ""rfc2741""}, {""rfc_number"": 2257, ""title"": ""Agent Extensibility (AgentX) Protocol Version 1"", ""name"": ""rfc2257""}]"
agentx,705,udp,AgentX,AgentX,[Bob_Natale],,,RFC2741; RFC2257,Agent Extensibility (AgentX) Protocol Version 1 | Agent Extensibility (AgentX) Protocol Version 1,"[{""rfc_number"": 2741, ""title"": ""Agent Extensibility (AgentX) Protocol Version 1"", ""name"": ""rfc2741""}, {""rfc_number"": 2257, ""title"": ""Agent Extensibility (AgentX) Protocol Version 1"", ""name"": ""rfc2257""}]"
tbrpf,712,tcp,TBRPF,TBRPF,,[RFC3684],RFC3684,RFC3684,Topology Dissemination Based on Reverse-Path Forwarding (TBRPF),"[{""rfc_number"": 3684, ""title"": ""Topology Dissemination Based on Reverse-Path Forwarding (TBRPF)"", ""name"": ""rfc3684""}]"
tbrpf,712,udp,TBRPF,TBRPF,,[RFC3684],RFC3684,RFC3684,Topology Dissemination Based on Reverse-Path Forwarding (TBRPF),"[{""rfc_number"": 3684, ""title"": ""Topology Dissemination Based on Reverse-Path Forwarding (TBRPF)"", ""name"": ""rfc3684""}]"
iris-xpcs,714,tcp,IRIS over XPCS,IRIS over XPCS,,[RFC4992],RFC4992,,,[]
iris-xpcs,714,udp,IRIS over XPCS,IRIS over XPCS,,[RFC4992],RFC4992,,,[]
iris-lwz,715,tcp,IRIS-LWZ,IRIS-LWZ,,[RFC4993],RFC4993,,,[]
iris-lwz,715,udp,IRIS-LWZ,IRIS-LWZ,,[RFC4993],RFC4993,,,[]
pana,716,udp,PANA Messages,PANA Messages,,[RFC5191],RFC5191,,,[]
acmaint-dbd,774,udp,"IANA assigned this well-formed service name as a replacement for ""acmaint_dbd"".","IANA assigned this well-formed service name as a replacement for ""acmaint_dbd"".",,,,RFC1700; RFC1340; RFC1060,Assigned Numbers | Assigned Numbers | Assigned numbers,"[{""rfc_number"": 1700, ""title"": ""Assigned Numbers"", ""name"": ""rfc1700""}, {""rfc_number"": 1340, ""title"": ""Assigned Numbers"", ""name"": ""rfc1340""}, {""rfc_number"": 1060, ""title"": ""Assigned numbers"", ""name"": ""rfc1060""}]"
acmaint-transd,775,udp,"IANA assigned this well-formed service name as a replacement for ""acmaint_transd"".","IANA assigned this well-formed service name as a replacement for ""acmaint_transd"".",,,,RFC1700; RFC1340; RFC1060,Assigned Numbers | Assigned Numbers | Assigned numbers,"[{""rfc_number"": 1700, ""title"": ""Assigned Numbers"", ""name"": ""rfc1700""}, {""rfc_number"": 1340, ""title"": ""Assigned Numbers"", ""name"": ""rfc1340""}, {""rfc_number"": 1060, ""title"": ""Assigned numbers"", ""name"": ""rfc1060""}]"
mdbs-daemon,800,tcp,"IANA assigned this well-formed service name as a replacement for ""mdbs_daemon"".","IANA assigned this well-formed service name as a replacement for ""mdbs_daemon"".",,,,RFC1700; RFC1340; RFC1060,Assigned Numbers | Assigned Numbers | Assigned numbers,"[{""rfc_number"": 1700, ""title"": ""Assigned Numbers"", ""name"": ""rfc1700""}, {""rfc_number"": 1340, ""title"": ""Assigned Numbers"", ""name"": ""rfc1340""}, {""rfc_number"": 1060, ""title"": ""Assigned numbers"", ""name"": ""rfc1060""}]"
mdbs-daemon,800,udp,"IANA assigned this well-formed service name as a replacement for ""mdbs_daemon"".","IANA assigned this well-formed service name as a replacement for ""mdbs_daemon"".",,,,RFC1700; RFC1340; RFC1060,Assigned Numbers | Assigned Numbers | Assigned numbers,"[{""rfc_number"": 1700, ""title"": ""Assigned Numbers"", ""name"": ""rfc1700""}, {""rfc_number"": 1340, ""title"": ""Assigned Numbers"", ""name"": ""rfc1340""}, {""rfc_number"": 1060, ""title"": ""Assigned numbers"", ""name"": ""rfc1060""}]"
netconf-ssh,830,tcp,NETCONF over SSH,NETCONF over SSH,,[RFC6242],RFC6242,,,[]
netconf-ssh,830,udp,NETCONF over SSH,NETCONF over SSH,,[RFC6242],RFC6242,,,[]
gdoi,848,tcp,GDOI,GDOI,,[RFC3547],RFC3547,,,[]
gdoi,848,udp,GDOI,GDOI,,[RFC3547],RFC3547,,,[]
domain-s,853,tcp,DNS query-response protocol run over TLS,DNS query-response protocol run over DTLS or QUIC,[IESG],[RFC7858],RFC7858,,,[]
domain-s,853,udp,DNS query-response protocol run over DTLS or QUIC,DNS query-response protocol run over DTLS or QUIC,[IESG],[RFC7858][RFC8094][RFC9250],RFC7858 RFC8094 RFC9250,,,[]
dlep,854,tcp,Dynamic Link Exchange Protocol (DLEP),Dynamic Link Exchange Protocol (DLEP),[IESG],[RFC8175],RFC8175,,,[]
dlep,854,udp,Dynamic Link Exchange Protocol (DLEP),Dynamic Link Exchange Protocol (DLEP),[IESG],[RFC8175],RFC8175,,,[]
iscsi,860,tcp,iSCSI,iSCSI,[IESG],[RFC7143],RFC7143,RFC3720,Internet Small Computer Systems Interface (iSCSI),"[{""rfc_number"": 3720, ""title"": ""Internet Small Computer Systems Interface (iSCSI)"", ""name"": ""rfc3720""}]"
iscsi,860,udp,iSCSI,iSCSI,[IESG],[RFC7143],RFC7143,RFC3720,Internet Small Computer Systems Interface (iSCSI),"[{""rfc_number"": 3720, ""title"": ""Internet Small Computer Systems Interface (iSCSI)"", ""name"": ""rfc3720""}]"
owamp-control,861,tcp,OWAMP-Control,OWAMP-Control,[IESG],[RFC4656],RFC4656,,,[]
owamp-test,861,udp,OWAMP-Test,OWAMP-Test,[IESG],[RFC8545],RFC8545,,,[]
twamp-control,862,tcp,TWAMP-Control,TWAMP-Control,[IESG],[RFC5357],RFC5357,,,[]
twamp-test,862,udp,TWAMP-Test Receiver Port,TWAMP-Test Receiver Port,[IESG],[RFC8545],RFC8545,,,[]
kink,910,tcp,Kerberized Internet Negotiation of Keys (KINK),Kerberized Internet Negotiation of Keys (KINK),,[RFC4430],RFC4430,RFC4430,Kerberized Internet Negotiation of Keys (KINK),"[{""rfc_number"": 4430, ""title"": ""Kerberized Internet Negotiation of Keys (KINK)"", ""name"": ""rfc4430""}]"
kink,910,udp,Kerberized Internet Negotiation of Keys (KINK),Kerberized Internet Negotiation of Keys (KINK),,[RFC4430],RFC4430,RFC4430,Kerberized Internet Negotiation of Keys (KINK),"[{""rfc_number"": 4430, ""title"": ""Kerberized Internet Negotiation of Keys (KINK)"", ""name"": ""rfc4430""}]"
apex-edge,913,tcp,APEX endpoint-relay service,APEX endpoint-relay service,,[RFC3340],RFC3340,,,[]
apex-edge,913,udp,APEX endpoint-relay service,APEX endpoint-relay service,,[RFC3340],RFC3340,,,[]
rift-lies,914,udp,Routing in Fat Trees Link Information Element,Routing in Fat Trees Link Information Element,[IESG],[RFC9692],RFC9692,RFC9692,RIFT: Routing in Fat Trees,"[{""rfc_number"": 9692, ""title"": ""RIFT: Routing in Fat Trees"", ""name"": ""rfc9692""}]"
rift-ties,915,udp,Routing in Fat Trees Topology Information Element,Routing in Fat Trees Topology Information Element,[IESG],[RFC9692],RFC9692,RFC9692,RIFT: Routing in Fat Trees,"[{""rfc_number"": 9692, ""title"": ""RIFT: Routing in Fat Trees"", ""name"": ""rfc9692""}]"
nas,991,tcp,Netnews Administration System,Netnews Administration System,[Vera_Heinau][Heiko_Schlichting],[RFC4707],RFC4707,RFC4707; RFC418,Netnews Administration System (NAS) | Server File Transfer Under TSS/360 At NASA-Ames Research Center,"[{""rfc_number"": 4707, ""title"": ""Netnews Administration System (NAS)"", ""name"": ""rfc4707""}, {""rfc_number"": 418, ""title"": ""Server File Transfer Under TSS/360 At NASA-Ames Research Center"", ""name"": ""rfc418""}]"
nas,991,udp,Netnews Administration System,Netnews Administration System,[Vera_Heinau][Heiko_Schlichting],[RFC4707],RFC4707,RFC4707; RFC418,Netnews Administration System (NAS) | Server File Transfer Under TSS/360 At NASA-Ames Research Center,"[{""rfc_number"": 4707, ""title"": ""Netnews Administration System (NAS)"", ""name"": ""rfc4707""}, {""rfc_number"": 418, ""title"": ""Server File Transfer Under TSS/360 At NASA-Ames Research Center"", ""name"": ""rfc418""}]"
imaps,993,tcp,IMAP over TLS protocol,IMAP over TLS protocol,[IESG],[RFC3501][RFC8314][RFC9051],RFC3501 RFC8314 RFC9051,,,[]
IANA-UNNAMED-UDP-993-E79C333E,993,udp,Reserved,,,[RFC9051],RFC9051,,,[]
pop3s,995,tcp,POP3 over TLS protocol,pop3 protocol over TLS/SSL (was spop3),[IESG],[RFC8314],RFC8314,,,[]
webpush,1001,tcp,HTTP Web Push,HTTP Web Push,[IESG],[RFC8030],RFC8030,RFC8030,Generic Event Delivery Using HTTP Push,"[{""rfc_number"": 8030, ""title"": ""Generic Event Delivery Using HTTP Push"", ""name"": ""rfc8030""}]"
exp1,1021,tcp,RFC3692-style Experiment 1,RFC3692-style Experiment 1,[IESG],[1][RFC4727][RFC6335],RFC4727 RFC6335,,,[]
exp1,1021,udp,RFC3692-style Experiment 1,RFC3692-style Experiment 1,[IESG],[1][RFC4727][RFC6335],RFC4727 RFC6335,,,[]
exp1,1021,sctp,RFC3692-style Experiment 1,RFC3692-style Experiment 1,[IESG],[1][RFC4727][RFC6335],RFC4727 RFC6335,,,[]
exp1,1021,dccp,RFC3692-style Experiment 1,RFC3692-style Experiment 1,[IESG],[1][RFC4727][RFC6335],RFC4727 RFC6335,,,[]
exp2,1022,tcp,RFC3692-style Experiment 2,RFC3692-style Experiment 2,[IESG],[1][RFC4727][RFC6335],RFC4727 RFC6335,,,[]
exp2,1022,udp,RFC3692-style Experiment 2,RFC3692-style Experiment 2,[IESG],[1][RFC4727][RFC6335],RFC4727 RFC6335,,,[]
exp2,1022,sctp,RFC3692-style Experiment 2,RFC3692-style Experiment 2,[IESG],[1][RFC4727][RFC6335],RFC4727 RFC6335,,,[]
exp2,1022,dccp,RFC3692-style Experiment 2,RFC3692-style Experiment 2,[IESG],[1][RFC4727][RFC6335],RFC4727 RFC6335,,,[]
IANA-UNNAMED-TCP-1023-B15027B5,1023,tcp,Reserved,,,[RFC6335],RFC6335,,,[]
IANA-UNNAMED-UDP-1023-18462DB1,1023,udp,Reserved,,,[RFC6335],RFC6335,,,[]
